Requirement ID,Domain,Scope,Actor,Requirement,State/Control refs,Screen IDs,Permission artifact,Acceptance ID,Acceptance intent,Test class,Implementation status,Control status
BR-PUB-001,PUB,CORE,Visitor,تمكين الزائر من فهم قيمة صقل ومسارات الاستخدام الرئيسية دون تسجيل.,,PUB-01..PUB-11,PERMISSIONS_MATRIX_V2.csv,AC-BR-PUB-001,Authorized actor can perform the stated capability within the correct resource/context; unauthorized/cross-tenant attempt is denied; resulting business state/data is traceable.,UI/E2E/RTL,NOT IMPLEMENTED,MAPPED — NOT IMPLEMENTED
BR-PUB-002,PUB,CORE,Visitor,تمكين الزائر من استعراض الفرص التدريبية العامة المنشورة والمسموح بعرضها.,,PUB-01..PUB-11,PERMISSIONS_MATRIX_V2.csv,AC-BR-PUB-002,Authorized actor can perform the stated capability within the correct resource/context; unauthorized/cross-tenant attempt is denied; resulting business state/data is traceable.,UI/E2E/RTL,NOT IMPLEMENTED,MAPPED — NOT IMPLEMENTED
BR-PUB-003,PUB,CORE,Visitor,تمكين الزائر من استعراض ملف عام مختصر لجهة التدريب الموثقة.,,PUB-01..PUB-11,PERMISSIONS_MATRIX_V2.csv,AC-BR-PUB-003,Authorized actor can perform the stated capability within the correct resource/context; unauthorized/cross-tenant attempt is denied; resulting business state/data is traceable.,UI/E2E/RTL,NOT IMPLEMENTED,MAPPED — NOT IMPLEMENTED
BR-PUB-004,PUB,CORE,Visitor/Student,توفير بحث وتصفية أساسية للفرص حسب المجال/التخصص والموقع ونوع البرنامج والفترة.,,PUB-01..PUB-11,PERMISSIONS_MATRIX_V2.csv,AC-BR-PUB-004,Authorized actor can perform the stated capability within the correct resource/context; unauthorized/cross-tenant attempt is denied; resulting business state/data is traceable.,UI/E2E/RTL,NOT IMPLEMENTED,MAPPED — NOT IMPLEMENTED
BR-PUB-005,PUB,CORE,Visitor,توفير مسارات واضحة لتسجيل الطالب/المتدرب وتسجيل جهة التدريب وتسجيل الدخول وطلب حساب جامعة مؤسسي.,,PUB-01..PUB-11,PERMISSIONS_MATRIX_V2.csv,AC-BR-PUB-005,Authorized actor can perform the stated capability within the correct resource/context; unauthorized/cross-tenant attempt is denied; resulting business state/data is traceable.,UI/E2E/RTL,NOT IMPLEMENTED,MAPPED — NOT IMPLEMENTED
BR-PUB-006,PUB,CORE,Visitor,عرض صفحات الثقة والسياسات والتواصل مثل الخصوصية والشروط والأسئلة الشائعة والأمن عالي المستوى.,,PUB-01..PUB-11,PERMISSIONS_MATRIX_V2.csv,AC-BR-PUB-006,Authorized actor can perform the stated capability within the correct resource/context; unauthorized/cross-tenant attempt is denied; resulting business state/data is traceable.,UI/E2E/RTL,NOT IMPLEMENTED,MAPPED — NOT IMPLEMENTED
BR-ACC-001,ACC,CORE,Student/Trainee,السماح للطالب/المتدرب بإنشاء حساب ذاتي مستقل عن اشتراك جامعته.,SM-VER,AUTH-01..AUTH-06,PERMISSIONS_MATRIX_V2.csv,AC-BR-ACC-001,Authorized actor can perform the stated capability within the correct resource/context; unauthorized/cross-tenant attempt is denied; resulting business state/data is traceable.,Auth/Authz/E2E/Security,NOT IMPLEMENTED,MAPPED — NOT IMPLEMENTED
BR-ACC-002,ACC,CORE,Organization Admin,السماح لجهة التدريب بإنشاء حساب مؤسسي ذاتيًا مع فصل التسجيل عن التحقق.,SM-VER,AUTH-01..AUTH-06,PERMISSIONS_MATRIX_V2.csv,AC-BR-ACC-002,Authorized actor can perform the stated capability within the correct resource/context; unauthorized/cross-tenant attempt is denied; resulting business state/data is traceable.,Auth/Authz/E2E/Security,NOT IMPLEMENTED,MAPPED — NOT IMPLEMENTED
BR-ACC-003,ACC,CORE,University Admin,دعم حساب جامعة مؤسسي مفعّل بعد Onboarding/Verification مناسب.,SM-VER,AUTH-01..AUTH-06,PERMISSIONS_MATRIX_V2.csv,AC-BR-ACC-003,Authorized actor can perform the stated capability within the correct resource/context; unauthorized/cross-tenant attempt is denied; resulting business state/data is traceable.,Auth/Authz/E2E/Security,NOT IMPLEMENTED,MAPPED — NOT IMPLEMENTED
BR-ACC-004,ACC,CORE,Guest University,دعم وصول Guest University بدعوة مرتبطة برحلة/طالب/إجراء محدد.,SM-VER,AUTH-01..AUTH-06,PERMISSIONS_MATRIX_V2.csv,AC-BR-ACC-004,Authorized actor can perform the stated capability within the correct resource/context; unauthorized/cross-tenant attempt is denied; resulting business state/data is traceable.,Auth/Authz/E2E/Security,NOT IMPLEMENTED,MAPPED — NOT IMPLEMENTED
BR-ACC-005,ACC,CORE,Organization Training Officer,دعم إضافة/دعوة المشرف الميداني وربطه بمتدربين محددين.,SM-VER,AUTH-01..AUTH-06,PERMISSIONS_MATRIX_V2.csv,AC-BR-ACC-005,Authorized actor can perform the stated capability within the correct resource/context; unauthorized/cross-tenant attempt is denied; resulting business state/data is traceable.,Auth/Authz/E2E/Security,NOT IMPLEMENTED,MAPPED — NOT IMPLEMENTED
BR-ACC-006,ACC,CORE,Platform Admin,دعم حسابات إدارية مسماة لإدارة صقل مع أدوار محدودة الصلاحيات.,SM-VER,AUTH-01..AUTH-06,PERMISSIONS_MATRIX_V2.csv,AC-BR-ACC-006,Authorized actor can perform the stated capability within the correct resource/context; unauthorized/cross-tenant attempt is denied; resulting business state/data is traceable.,Auth/Authz/E2E/Security,NOT IMPLEMENTED,MAPPED — NOT IMPLEMENTED
BR-ACC-007,ACC,CORE,Multi-role User,دعم مستخدم يحمل أكثر من دور أو سياق مؤسسي دون دمج الصلاحيات ضمنيًا.,SM-VER,AUTH-01..AUTH-06,PERMISSIONS_MATRIX_V2.csv,AC-BR-ACC-007,Authorized actor can perform the stated capability within the correct resource/context; unauthorized/cross-tenant attempt is denied; resulting business state/data is traceable.,Auth/Authz/E2E/Security,NOT IMPLEMENTED,MAPPED — NOT IMPLEMENTED
BR-ACC-008,ACC,CORE,All,إتاحة استرجاع الوصول وإدارة دورة حياة الحساب والتعليق/إعادة التفعيل وفق الصلاحيات.,SM-VER,AUTH-01..AUTH-06,PERMISSIONS_MATRIX_V2.csv,AC-BR-ACC-008,Authorized actor can perform the stated capability within the correct resource/context; unauthorized/cross-tenant attempt is denied; resulting business state/data is traceable.,Auth/Authz/E2E/Security,NOT IMPLEMENTED,MAPPED — NOT IMPLEMENTED
BR-ACC-009,ACC,CORE,All,عدم منح Self-registration صلاحية قرار مؤسسي أو أكاديمي تلقائيًا.,SM-VER,AUTH-01..AUTH-06,PERMISSIONS_MATRIX_V2.csv,AC-BR-ACC-009,Negative rule: violating attempt is rejected server-side; authorized/history behavior remains unchanged; denial is testable.,Auth/Authz/E2E/Security,NOT IMPLEMENTED,MAPPED — NOT IMPLEMENTED
BR-ACC-010,ACC,CORE,All,تمييز الحساب الكامل عن Limited Invitation Access من حيث النطاق والمدة والقدرات.,SM-VER,AUTH-01..AUTH-06,PERMISSIONS_MATRIX_V2.csv,AC-BR-ACC-010,Authorized actor can perform the stated capability within the correct resource/context; unauthorized/cross-tenant attempt is denied; resulting business state/data is traceable.,Auth/Authz/E2E/Security,NOT IMPLEMENTED,MAPPED — NOT IMPLEMENTED
BR-VER-001,VER,CORE,Platform Verification Admin,تمييز حالة التحقق للجهة التدريبية: Registered / Pending / Verified / Suspended.,SM-VER,AUTH-05..AUTH-06; ADM-03,PERMISSIONS_MATRIX_V2.csv,AC-BR-VER-001,Authorized actor can perform the stated capability within the correct resource/context; unauthorized/cross-tenant attempt is denied; resulting business state/data is traceable.,Authz/Security/Audit,NOT IMPLEMENTED,MAPPED — NOT IMPLEMENTED
BR-VER-002,VER,CORE,Organization/Platform,منع نشر فرصة عامة أو تنفيذ إجراء حساس من جهة غير متحققة بالمستوى المطلوب.,SM-VER,AUTH-05..AUTH-06; ADM-03,PERMISSIONS_MATRIX_V2.csv,AC-BR-VER-002,Negative rule: violating attempt is rejected server-side; authorized/history behavior remains unchanged; denial is testable.,Authz/Security/Audit,NOT IMPLEMENTED,MAPPED — NOT IMPLEMENTED
BR-VER-003,VER,CORE,Platform/University,دعم التحقق من ممثل الجامعة قبل منحه Academic Action حساسة.,SM-VER,AUTH-05..AUTH-06; ADM-03,PERMISSIONS_MATRIX_V2.csv,AC-BR-VER-003,Authorized actor can perform the stated capability within the correct resource/context; unauthorized/cross-tenant attempt is denied; resulting business state/data is traceable.,Authz/Security/Audit,NOT IMPLEMENTED,MAPPED — NOT IMPLEMENTED
BR-VER-004,VER,CORE,Guest/Field Supervisor,دعم التحقق من هوية/صلة المستخدم الخارجي بالمهمة بما يتناسب مع المخاطر.,SM-VER,AUTH-05..AUTH-06; ADM-03,PERMISSIONS_MATRIX_V2.csv,AC-BR-VER-004,Authorized actor can perform the stated capability within the correct resource/context; unauthorized/cross-tenant attempt is denied; resulting business state/data is traceable.,Authz/Security/Audit,NOT IMPLEMENTED,MAPPED — NOT IMPLEMENTED
BR-VER-005,VER,CORE,Student/University,إظهار Trust State للإجراءات الأكاديمية: Student Reported / Evidence Uploaded / University Verified.,SM-VER,AUTH-05..AUTH-06; ADM-03,PERMISSIONS_MATRIX_V2.csv,AC-BR-VER-005,Authorized actor can perform the stated capability within the correct resource/context; unauthorized/cross-tenant attempt is denied; resulting business state/data is traceable.,Authz/Security/Audit,NOT IMPLEMENTED,MAPPED — NOT IMPLEMENTED
BR-VER-006,VER,CORE,Platform Admin,الاحتفاظ بتاريخ قرارات التحقق والتعليق والاستعادة.,SM-VER,AUTH-05..AUTH-06; ADM-03,PERMISSIONS_MATRIX_V2.csv,AC-BR-VER-006,Authorized actor can perform the stated capability within the correct resource/context; unauthorized/cross-tenant attempt is denied; resulting business state/data is traceable.,Authz/Security/Audit,NOT IMPLEMENTED,MAPPED — NOT IMPLEMENTED
BR-VER-007,VER,CORE,Platform Verification Admin,تمكين Platform Admin من طلب معلومات إضافية قبل اعتماد الجهة أو الممثل المؤسسي.,SM-VER,AUTH-05..AUTH-06; ADM-03,PERMISSIONS_MATRIX_V2.csv,AC-BR-VER-007,Authorized actor can perform the stated capability within the correct resource/context; unauthorized/cross-tenant attempt is denied; resulting business state/data is traceable.,Authz/Security/Audit,NOT IMPLEMENTED,MAPPED — NOT IMPLEMENTED
BR-PRG-001,PRG,CORE,Platform/Organization/University,تعريف Training Program Type مستقل عن البرنامج الأكاديمي الجامعي.,,UNI-02; SYS-01,PERMISSIONS_MATRIX_V2.csv,AC-BR-PRG-001,Authorized actor can perform the stated capability within the correct resource/context; unauthorized/cross-tenant attempt is denied; resulting business state/data is traceable.,Domain/Config/Authz,NOT IMPLEMENTED,MAPPED — NOT IMPLEMENTED
BR-PRG-002,PRG,CORE,Platform,دعم Cooperative/Academic Internship وIndependent Summer وGraduate/Tamheer-like كأنواع Pilot v2.,,UNI-02; SYS-01,PERMISSIONS_MATRIX_V2.csv,AC-BR-PRG-002,Authorized actor can perform the stated capability within the correct resource/context; unauthorized/cross-tenant attempt is denied; resulting business state/data is traceable.,Domain/Config/Authz,NOT IMPLEMENTED,MAPPED — NOT IMPLEMENTED
BR-PRG-003,PRG,CORE,Program Owner,تحديد Academic Overlay Mode لكل نوع: Required / Optional / Not Applicable.,,UNI-02; SYS-01,PERMISSIONS_MATRIX_V2.csv,AC-BR-PRG-003,Authorized actor can perform the stated capability within the correct resource/context; unauthorized/cross-tenant attempt is denied; resulting business state/data is traceable.,Domain/Config/Authz,NOT IMPLEMENTED,MAPPED — NOT IMPLEMENTED
BR-PRG-004,PRG,CORE,Program Owner,تحديد قواعد النوع مثل المدة والساعات والأهلية والإكمال والتقييم.,,UNI-02; SYS-01,PERMISSIONS_MATRIX_V2.csv,AC-BR-PRG-004,Authorized actor can perform the stated capability within the correct resource/context; unauthorized/cross-tenant attempt is denied; resulting business state/data is traceable.,Domain/Config/Authz,NOT IMPLEMENTED,MAPPED — NOT IMPLEMENTED
BR-PRG-005,PRG,CORE,Cross-party,ربط Opportunity وTraining Journey بنوع البرنامج الصحيح.,,UNI-02; SYS-01,PERMISSIONS_MATRIX_V2.csv,AC-BR-PRG-005,Authorized actor can perform the stated capability within the correct resource/context; unauthorized/cross-tenant attempt is denied; resulting business state/data is traceable.,Domain/Config/Authz,NOT IMPLEMENTED,MAPPED — NOT IMPLEMENTED
BR-PRG-006,PRG,CORE,Platform/University,عدم اعتبار Independent Summer برنامجًا أكاديميًا في صقل؛ أي Summer جامعي مقرر يعامل كAcademic Practical Training.,,UNI-02; SYS-01,PERMISSIONS_MATRIX_V2.csv,AC-BR-PRG-006,Negative rule: violating attempt is rejected server-side; authorized/history behavior remains unchanged; denial is testable.,Domain/Config/Authz,NOT IMPLEMENTED,MAPPED — NOT IMPLEMENTED
BR-PRG-007,PRG,CORE,Platform/Organization,إبقاء الإجراءات الرسمية لتمهير/HRDF خارج صقل ما لم يوجد تكامل أو اتفاق معتمد.,,UNI-02; SYS-01,PERMISSIONS_MATRIX_V2.csv,AC-BR-PRG-007,Authorized actor can perform the stated capability within the correct resource/context; unauthorized/cross-tenant attempt is denied; resulting business state/data is traceable.,Domain/Config/Authz,NOT IMPLEMENTED,MAPPED — NOT IMPLEMENTED
BR-PRG-008,PRG,CORE,Platform Admin,إتاحة إضافة أنواع جديدة مستقبلًا عبر Configuration منضبط دون تغيير Core Journey.,,UNI-02; SYS-01,PERMISSIONS_MATRIX_V2.csv,AC-BR-PRG-008,Authorized actor can perform the stated capability within the correct resource/context; unauthorized/cross-tenant attempt is denied; resulting business state/data is traceable.,Domain/Config/Authz,NOT IMPLEMENTED,MAPPED — NOT IMPLEMENTED
BR-OPP-001,OPP,CORE,Organization Training Officer,تمكين الجهة الموثقة من إنشاء Opportunity كمسودة.,SM-OPP,PUB-07..PUB-08; ORG-R03..ORG-R04,PERMISSIONS_MATRIX_V2.csv,AC-BR-OPP-001,Authorized actor can perform the stated capability within the correct resource/context; unauthorized/cross-tenant attempt is denied; resulting business state/data is traceable.,Domain/State/Authz/E2E,NOT IMPLEMENTED,MAPPED — NOT IMPLEMENTED
BR-OPP-002,OPP,CORE,Organization Training Officer,تسجيل بيانات الفرصة الأساسية: المسمى، الوصف، المجال، الموقع، نوع البرنامج، المدة/الفترة، التخصصات، المتطلبات والمقاعد.,SM-OPP,PUB-07..PUB-08; ORG-R03..ORG-R04,PERMISSIONS_MATRIX_V2.csv,AC-BR-OPP-002,Authorized actor can perform the stated capability within the correct resource/context; unauthorized/cross-tenant attempt is denied; resulting business state/data is traceable.,Domain/State/Authz/E2E,NOT IMPLEMENTED,MAPPED — NOT IMPLEMENTED
BR-OPP-003,OPP,CORE,Organization Training Officer,دعم حالات Draft / Published / Closed / Filled / Expired.,SM-OPP,PUB-07..PUB-08; ORG-R03..ORG-R04,PERMISSIONS_MATRIX_V2.csv,AC-BR-OPP-003,Authorized actor can perform the stated capability within the correct resource/context; unauthorized/cross-tenant attempt is denied; resulting business state/data is traceable.,Domain/State/Authz/E2E,NOT IMPLEMENTED,MAPPED — NOT IMPLEMENTED
BR-OPP-004,OPP,CORE,Organization Training Officer,دعم عدد المقاعد أو Capacity للفرصة.,SM-OPP,PUB-07..PUB-08; ORG-R03..ORG-R04,PERMISSIONS_MATRIX_V2.csv,AC-BR-OPP-004,Authorized actor can perform the stated capability within the correct resource/context; unauthorized/cross-tenant attempt is denied; resulting business state/data is traceable.,Domain/State/Authz/E2E,NOT IMPLEMENTED,MAPPED — NOT IMPLEMENTED
BR-OPP-005,OPP,CORE,Organization Training Officer,السماح بربط Opportunity بخطة تدريب منشورة أو نسخة مؤهلة للاستخدام.,SM-OPP,PUB-07..PUB-08; ORG-R03..ORG-R04,PERMISSIONS_MATRIX_V2.csv,AC-BR-OPP-005,Authorized actor can perform the stated capability within the correct resource/context; unauthorized/cross-tenant attempt is denied; resulting business state/data is traceable.,Domain/State/Authz/E2E,NOT IMPLEMENTED,MAPPED — NOT IMPLEMENTED
BR-OPP-006,OPP,CORE,Organization Training Officer,السماح بمعاينة الفرصة قبل النشر.,SM-OPP,PUB-07..PUB-08; ORG-R03..ORG-R04,PERMISSIONS_MATRIX_V2.csv,AC-BR-OPP-006,Authorized actor can perform the stated capability within the correct resource/context; unauthorized/cross-tenant attempt is denied; resulting business state/data is traceable.,Domain/State/Authz/E2E,NOT IMPLEMENTED,MAPPED — NOT IMPLEMENTED
BR-OPP-007,OPP,CORE,Platform/Organization,منع النشر العام إذا لم تتحقق متطلبات التحقق والمحتوى.,SM-OPP,PUB-07..PUB-08; ORG-R03..ORG-R04,PERMISSIONS_MATRIX_V2.csv,AC-BR-OPP-007,Negative rule: violating attempt is rejected server-side; authorized/history behavior remains unchanged; denial is testable.,Domain/State/Authz/E2E,NOT IMPLEMENTED,MAPPED — NOT IMPLEMENTED
BR-OPP-008,OPP,CORE,Organization Training Officer,دعم تعديل الفرصة مع حماية Applications القائمة من تغييرات جوهرية غير موثقة.,SM-OPP,PUB-07..PUB-08; ORG-R03..ORG-R04,PERMISSIONS_MATRIX_V2.csv,AC-BR-OPP-008,Authorized actor can perform the stated capability within the correct resource/context; unauthorized/cross-tenant attempt is denied; resulting business state/data is traceable.,Domain/State/Authz/E2E,NOT IMPLEMENTED,MAPPED — NOT IMPLEMENTED
BR-OPP-009,OPP,CORE,Organization Training Officer,دعم إغلاق أو ملء الفرصة مع الاحتفاظ بتاريخها وطلباتها.,SM-OPP,PUB-07..PUB-08; ORG-R03..ORG-R04,PERMISSIONS_MATRIX_V2.csv,AC-BR-OPP-009,Authorized actor can perform the stated capability within the correct resource/context; unauthorized/cross-tenant attempt is denied; resulting business state/data is traceable.,Domain/State/Authz/E2E,NOT IMPLEMENTED,MAPPED — NOT IMPLEMENTED
BR-OPP-010,OPP,CORE,Platform Analytics,تسجيل مصدر الفرصة ومسار التقديم لتغذية قياسات Marketplace.,SM-OPP,PUB-07..PUB-08; ORG-R03..ORG-R04,PERMISSIONS_MATRIX_V2.csv,AC-BR-OPP-010,Authorized actor can perform the stated capability within the correct resource/context; unauthorized/cross-tenant attempt is denied; resulting business state/data is traceable.,Domain/State/Authz/E2E,NOT IMPLEMENTED,MAPPED — NOT IMPLEMENTED
BR-APL-001,APL,CORE,Student/Trainee,تمكين الطالب/المتدرب من التقديم على Opportunity مؤهلة.,SM-APL,STU-D04..STU-D08; ORG-R05..ORG-R07,PERMISSIONS_MATRIX_V2.csv,AC-BR-APL-001,Authorized actor can perform the stated capability within the correct resource/context; unauthorized/cross-tenant attempt is denied; resulting business state/data is traceable.,Domain/State/Authz/E2E,NOT IMPLEMENTED,MAPPED — NOT IMPLEMENTED
BR-APL-002,APL,CORE,System,إنشاء Application مستقلة لكل تقديم وربطها بالطالب والفرصة والجهة.,SM-APL,STU-D04..STU-D08; ORG-R05..ORG-R07,PERMISSIONS_MATRIX_V2.csv,AC-BR-APL-002,Authorized actor can perform the stated capability within the correct resource/context; unauthorized/cross-tenant attempt is denied; resulting business state/data is traceable.,Domain/State/Authz/E2E,NOT IMPLEMENTED,MAPPED — NOT IMPLEMENTED
BR-APL-003,APL,CORE,Student/Trainee,عرض حالة الطلب للطالب بصورة واضحة.,SM-APL,STU-D04..STU-D08; ORG-R05..ORG-R07,PERMISSIONS_MATRIX_V2.csv,AC-BR-APL-003,Authorized actor can perform the stated capability within the correct resource/context; unauthorized/cross-tenant attempt is denied; resulting business state/data is traceable.,Domain/State/Authz/E2E,NOT IMPLEMENTED,MAPPED — NOT IMPLEMENTED
BR-APL-004,APL,CORE,Organization Training Officer,تمكين الجهة من عرض Applicant List لفرصها فقط.,SM-APL,STU-D04..STU-D08; ORG-R05..ORG-R07,PERMISSIONS_MATRIX_V2.csv,AC-BR-APL-004,Authorized actor can perform the stated capability within the correct resource/context; unauthorized/cross-tenant attempt is denied; resulting business state/data is traceable.,Domain/State/Authz/E2E,NOT IMPLEMENTED,MAPPED — NOT IMPLEMENTED
BR-APL-005,APL,CORE,Organization Training Officer,تمكين الجهة من Accept / Reject / Request Information.,SM-APL,STU-D04..STU-D08; ORG-R05..ORG-R07,PERMISSIONS_MATRIX_V2.csv,AC-BR-APL-005,Authorized actor can perform the stated capability within the correct resource/context; unauthorized/cross-tenant attempt is denied; resulting business state/data is traceable.,Domain/State/Authz/E2E,NOT IMPLEMENTED,MAPPED — NOT IMPLEMENTED
BR-APL-006,APL,CORE,Organization/Student,دعم مسار External Application عندما تستخدم الجهة ATS/Career Portal خارجيًا.,SM-APL,STU-D04..STU-D08; ORG-R05..ORG-R07,PERMISSIONS_MATRIX_V2.csv,AC-BR-APL-006,Authorized actor can perform the stated capability within the correct resource/context; unauthorized/cross-tenant attempt is denied; resulting business state/data is traceable.,Domain/State/Authz/E2E,NOT IMPLEMENTED,MAPPED — NOT IMPLEMENTED
BR-APL-007,APL,CORE,Organization Training Officer,دعم تسجيل نتيجة الاختيار الخارجي داخل صقل دون ادعاء إدارة العملية الداخلية للجهة.,SM-APL,STU-D04..STU-D08; ORG-R05..ORG-R07,PERMISSIONS_MATRIX_V2.csv,AC-BR-APL-007,Authorized actor can perform the stated capability within the correct resource/context; unauthorized/cross-tenant attempt is denied; resulting business state/data is traceable.,Domain/State/Authz/E2E,NOT IMPLEMENTED,MAPPED — NOT IMPLEMENTED
BR-APL-008,APL,CORE,System,الاحتفاظ بتاريخ قرارات الطلب وعدم حذف حالات الرفض أو السحب السابقة.,SM-APL,STU-D04..STU-D08; ORG-R05..ORG-R07,PERMISSIONS_MATRIX_V2.csv,AC-BR-APL-008,Negative rule: violating attempt is rejected server-side; authorized/history behavior remains unchanged; denial is testable.,Domain/State/Authz/E2E,NOT IMPLEMENTED,MAPPED — NOT IMPLEMENTED
BR-APL-009,APL,CORE,System/Cross-party,تحويل القبول إلى Placement/Training Journey readiness وفق نوع البرنامج وشروطه.,SM-APL,STU-D04..STU-D08; ORG-R05..ORG-R07,PERMISSIONS_MATRIX_V2.csv,AC-BR-APL-009,Authorized actor can perform the stated capability within the correct resource/context; unauthorized/cross-tenant attempt is denied; resulting business state/data is traceable.,Domain/State/Authz/E2E,NOT IMPLEMENTED,MAPPED — NOT IMPLEMENTED
BR-TRN-001,TRN,CORE,Cross-party,إنشاء Training Journey كوحدة تشغيل أساسية مستقلة عن وجود الجامعة.,SM-TRN,STU-T01; ORG-O02..ORG-O06; UNI-06,PERMISSIONS_MATRIX_V2.csv,AC-BR-TRN-001,Authorized actor can perform the stated capability within the correct resource/context; unauthorized/cross-tenant attempt is denied; resulting business state/data is traceable.,Domain/State/Authz/E2E,NOT IMPLEMENTED,MAPPED — NOT IMPLEMENTED
BR-TRN-002,TRN,CORE,Cross-party,ربط الرحلة بالمتدرب وجهة التدريب والفرصة/الاتفاق ونوع البرنامج.,SM-TRN,STU-T01; ORG-O02..ORG-O06; UNI-06,PERMISSIONS_MATRIX_V2.csv,AC-BR-TRN-002,Authorized actor can perform the stated capability within the correct resource/context; unauthorized/cross-tenant attempt is denied; resulting business state/data is traceable.,Domain/State/Authz/E2E,NOT IMPLEMENTED,MAPPED — NOT IMPLEMENTED
BR-TRN-003,TRN,CORE,Cross-party,فصل Training Journey Status عن Academic Status.,SM-TRN,STU-T01; ORG-O02..ORG-O06; UNI-06,PERMISSIONS_MATRIX_V2.csv,AC-BR-TRN-003,Authorized actor can perform the stated capability within the correct resource/context; unauthorized/cross-tenant attempt is denied; resulting business state/data is traceable.,Domain/State/Authz/E2E,NOT IMPLEMENTED,MAPPED — NOT IMPLEMENTED
BR-TRN-004,TRN,CORE,Organization/Student,تسجيل شروط الجاهزية قبل بدء التدريب مثل التواريخ والمشرف والخطة والمتطلبات السابقة.,SM-TRN,STU-T01; ORG-O02..ORG-O06; UNI-06,PERMISSIONS_MATRIX_V2.csv,AC-BR-TRN-004,Authorized actor can perform the stated capability within the correct resource/context; unauthorized/cross-tenant attempt is denied; resulting business state/data is traceable.,Domain/State/Authz/E2E,NOT IMPLEMENTED,MAPPED — NOT IMPLEMENTED
BR-TRN-005,TRN,CORE,Cross-party,عدم اعتبار Organization Acceptance مساويًا Training Start.,SM-TRN,STU-T01; ORG-O02..ORG-O06; UNI-06,PERMISSIONS_MATRIX_V2.csv,AC-BR-TRN-005,Negative rule: violating attempt is rejected server-side; authorized/history behavior remains unchanged; denial is testable.,Domain/State/Authz/E2E,NOT IMPLEMENTED,MAPPED — NOT IMPLEMENTED
BR-TRN-006,TRN,CORE,Authorized Actor,تسجيل Actual Start بصورة صريحة.,SM-TRN,STU-T01; ORG-O02..ORG-O06; UNI-06,PERMISSIONS_MATRIX_V2.csv,AC-BR-TRN-006,Authorized actor can perform the stated capability within the correct resource/context; unauthorized/cross-tenant attempt is denied; resulting business state/data is traceable.,Domain/State/Authz/E2E,NOT IMPLEMENTED,MAPPED — NOT IMPLEMENTED
BR-TRN-007,TRN,CORE,Cross-party,دعم Training Active كمفهوم مستقل.,SM-TRN,STU-T01; ORG-O02..ORG-O06; UNI-06,PERMISSIONS_MATRIX_V2.csv,AC-BR-TRN-007,Authorized actor can perform the stated capability within the correct resource/context; unauthorized/cross-tenant attempt is denied; resulting business state/data is traceable.,Domain/State/Authz/E2E,NOT IMPLEMENTED,MAPPED — NOT IMPLEMENTED
BR-TRN-008,TRN,CORE,Cross-party,دعم Progress أثناء التدريب دون اشتراط Academic Overlay.,SM-TRN,STU-T01; ORG-O02..ORG-O06; UNI-06,PERMISSIONS_MATRIX_V2.csv,AC-BR-TRN-008,Authorized actor can perform the stated capability within the correct resource/context; unauthorized/cross-tenant attempt is denied; resulting business state/data is traceable.,Domain/State/Authz/E2E,NOT IMPLEMENTED,MAPPED — NOT IMPLEMENTED
BR-TRN-009,TRN,CORE,Cross-party,دعم On Hold / Withdrawn / Terminated / Exception states بصورة قابلة للتتبع.,SM-TRN,STU-T01; ORG-O02..ORG-O06; UNI-06,PERMISSIONS_MATRIX_V2.csv,AC-BR-TRN-009,Authorized actor can perform the stated capability within the correct resource/context; unauthorized/cross-tenant attempt is denied; resulting business state/data is traceable.,Domain/State/Authz/E2E,NOT IMPLEMENTED,MAPPED — NOT IMPLEMENTED
BR-TRN-010,TRN,CORE,Cross-party,دعم Completion Pending عندما تنتهي المدة أو التنفيذ الأساسي لكن تبقى متطلبات إكمال.,SM-TRN,STU-T01; ORG-O02..ORG-O06; UNI-06,PERMISSIONS_MATRIX_V2.csv,AC-BR-TRN-010,Authorized actor can perform the stated capability within the correct resource/context; unauthorized/cross-tenant attempt is denied; resulting business state/data is traceable.,Domain/State/Authz/E2E,NOT IMPLEMENTED,MAPPED — NOT IMPLEMENTED
BR-TRN-011,TRN,CORE,Organization,دعم Training Completed عند استيفاء قواعد الخطة والتقييم الميداني المطلوبة.,SM-TRN,STU-T01; ORG-O02..ORG-O06; UNI-06,PERMISSIONS_MATRIX_V2.csv,AC-BR-TRN-011,Authorized actor can perform the stated capability within the correct resource/context; unauthorized/cross-tenant attempt is denied; resulting business state/data is traceable.,Domain/State/Authz/E2E,NOT IMPLEMENTED,MAPPED — NOT IMPLEMENTED
BR-TRN-012,TRN,CORE,Cross-party,عدم جعل Training Completion مساويًا Academic Closure.,SM-TRN,STU-T01; ORG-O02..ORG-O06; UNI-06,PERMISSIONS_MATRIX_V2.csv,AC-BR-TRN-012,Negative rule: violating attempt is rejected server-side; authorized/history behavior remains unchanged; denial is testable.,Domain/State/Authz/E2E,NOT IMPLEMENTED,MAPPED — NOT IMPLEMENTED
BR-TRN-013,TRN,CORE,System,الاحتفاظ بتاريخ الحالة والانتقالات ومن نفذها.,SM-TRN,STU-T01; ORG-O02..ORG-O06; UNI-06,PERMISSIONS_MATRIX_V2.csv,AC-BR-TRN-013,Authorized actor can perform the stated capability within the correct resource/context; unauthorized/cross-tenant attempt is denied; resulting business state/data is traceable.,Domain/State/Authz/E2E,NOT IMPLEMENTED,MAPPED — NOT IMPLEMENTED
BR-TRN-014,TRN,CORE,Cross-party,إظهار Current Status / Action Owner / Next Action للمستخدم المخول.,SM-TRN,STU-T01; ORG-O02..ORG-O06; UNI-06,PERMISSIONS_MATRIX_V2.csv,AC-BR-TRN-014,Authorized actor can perform the stated capability within the correct resource/context; unauthorized/cross-tenant attempt is denied; resulting business state/data is traceable.,Domain/State/Authz/E2E,NOT IMPLEMENTED,MAPPED — NOT IMPLEMENTED
BR-TPL-001,TPL,CORE,Organization Training Officer,توفير Training Plan Library خاصة بكل جهة تدريب.,SM-PLANT; SM-PLANI; SM-TASK,TPL-01..TPL-08; STU-T02..STU-T04; ORG-O03..ORG-O04,PERMISSIONS_MATRIX_V2.csv,AC-BR-TPL-001,Authorized actor can perform the stated capability within the correct resource/context; unauthorized/cross-tenant attempt is denied; resulting business state/data is traceable.,Domain/State/Version/Authz,NOT IMPLEMENTED,MAPPED — NOT IMPLEMENTED
BR-TPL-002,TPL,CORE,Platform/Organization,إتاحة Reference/Starter Plans من صقل بوصفها قوالب مرجعية لا معايير رسمية ما لم يوجد اعتماد خارجي.,SM-PLANT; SM-PLANI; SM-TASK,TPL-01..TPL-08; STU-T02..STU-T04; ORG-O03..ORG-O04,PERMISSIONS_MATRIX_V2.csv,AC-BR-TPL-002,Authorized actor can perform the stated capability within the correct resource/context; unauthorized/cross-tenant attempt is denied; resulting business state/data is traceable.,Domain/State/Version/Authz,NOT IMPLEMENTED,MAPPED — NOT IMPLEMENTED
BR-TPL-003,TPL,CORE,Organization Training Officer,إنشاء Training Plan Template يحتوي معلومات أساسية وأهدافًا ومدى ومدة.,SM-PLANT; SM-PLANI; SM-TASK,TPL-01..TPL-08; STU-T02..STU-T04; ORG-O03..ORG-O04,PERMISSIONS_MATRIX_V2.csv,AC-BR-TPL-003,Authorized actor can perform the stated capability within the correct resource/context; unauthorized/cross-tenant attempt is denied; resulting business state/data is traceable.,Domain/State/Version/Authz,NOT IMPLEMENTED,MAPPED — NOT IMPLEMENTED
BR-TPL-004,TPL,CORE,Organization Training Officer,تقسيم الخطة إلى Stages مرتبة.,SM-PLANT; SM-PLANI; SM-TASK,TPL-01..TPL-08; STU-T02..STU-T04; ORG-O03..ORG-O04,PERMISSIONS_MATRIX_V2.csv,AC-BR-TPL-004,Authorized actor can perform the stated capability within the correct resource/context; unauthorized/cross-tenant attempt is denied; resulting business state/data is traceable.,Domain/State/Version/Authz,NOT IMPLEMENTED,MAPPED — NOT IMPLEMENTED
BR-TPL-005,TPL,CORE,Organization Training Officer,تقسيم كل Stage إلى Tasks/Activities.,SM-PLANT; SM-PLANI; SM-TASK,TPL-01..TPL-08; STU-T02..STU-T04; ORG-O03..ORG-O04,PERMISSIONS_MATRIX_V2.csv,AC-BR-TPL-005,Authorized actor can perform the stated capability within the correct resource/context; unauthorized/cross-tenant attempt is denied; resulting business state/data is traceable.,Domain/State/Version/Authz,NOT IMPLEMENTED,MAPPED — NOT IMPLEMENTED
BR-TPL-006,TPL,CORE,Organization Training Officer,تحديد Task Owner والمسؤول عن التنفيذ/المراجعة.,SM-PLANT; SM-PLANI; SM-TASK,TPL-01..TPL-08; STU-T02..STU-T04; ORG-O03..ORG-O04,PERMISSIONS_MATRIX_V2.csv,AC-BR-TPL-006,Authorized actor can perform the stated capability within the correct resource/context; unauthorized/cross-tenant attempt is denied; resulting business state/data is traceable.,Domain/State/Version/Authz,NOT IMPLEMENTED,MAPPED — NOT IMPLEMENTED
BR-TPL-007,TPL,CORE,Organization Training Officer,تحديد Mandatory/Optional للمهام.,SM-PLANT; SM-PLANI; SM-TASK,TPL-01..TPL-08; STU-T02..STU-T04; ORG-O03..ORG-O04,PERMISSIONS_MATRIX_V2.csv,AC-BR-TPL-007,Authorized actor can perform the stated capability within the correct resource/context; unauthorized/cross-tenant attempt is denied; resulting business state/data is traceable.,Domain/State/Version/Authz,NOT IMPLEMENTED,MAPPED — NOT IMPLEMENTED
BR-TPL-008,TPL,CORE,Organization Training Officer,تحديد Completion Method لكل مهمة.,SM-PLANT; SM-PLANI; SM-TASK,TPL-01..TPL-08; STU-T02..STU-T04; ORG-O03..ORG-O04,PERMISSIONS_MATRIX_V2.csv,AC-BR-TPL-008,Authorized actor can perform the stated capability within the correct resource/context; unauthorized/cross-tenant attempt is denied; resulting business state/data is traceable.,Domain/State/Version/Authz,NOT IMPLEMENTED,MAPPED — NOT IMPLEMENTED
BR-TPL-009,TPL,CORE,Organization/Field Supervisor,دعم Evidence types مثل Report / File / Checklist / Quiz/Test / Confirmation / Supervisor Evaluation.,SM-PLANT; SM-PLANI; SM-TASK,TPL-01..TPL-08; STU-T02..STU-T04; ORG-O03..ORG-O04,PERMISSIONS_MATRIX_V2.csv,AC-BR-TPL-009,Authorized actor can perform the stated capability within the correct resource/context; unauthorized/cross-tenant attempt is denied; resulting business state/data is traceable.,Domain/State/Version/Authz,NOT IMPLEMENTED,MAPPED — NOT IMPLEMENTED
BR-TPL-010,TPL,CORE,Organization Training Officer,تحديد Stage Completion Rules.,SM-PLANT; SM-PLANI; SM-TASK,TPL-01..TPL-08; STU-T02..STU-T04; ORG-O03..ORG-O04,PERMISSIONS_MATRIX_V2.csv,AC-BR-TPL-010,Authorized actor can perform the stated capability within the correct resource/context; unauthorized/cross-tenant attempt is denied; resulting business state/data is traceable.,Domain/State/Version/Authz,NOT IMPLEMENTED,MAPPED — NOT IMPLEMENTED
BR-TPL-011,TPL,CORE,Organization Training Officer,دعم Clone/Copy للخطة وإعادة استخدامها.,SM-PLANT; SM-PLANI; SM-TASK,TPL-01..TPL-08; STU-T02..STU-T04; ORG-O03..ORG-O04,PERMISSIONS_MATRIX_V2.csv,AC-BR-TPL-011,Authorized actor can perform the stated capability within the correct resource/context; unauthorized/cross-tenant attempt is denied; resulting business state/data is traceable.,Domain/State/Version/Authz,NOT IMPLEMENTED,MAPPED — NOT IMPLEMENTED
BR-TPL-012,TPL,CORE,Organization Training Officer,ربط الخطة بـOpportunity أو تعيينها مباشرة لمتدرب وفق السياسة.,SM-PLANT; SM-PLANI; SM-TASK,TPL-01..TPL-08; STU-T02..STU-T04; ORG-O03..ORG-O04,PERMISSIONS_MATRIX_V2.csv,AC-BR-TPL-012,Authorized actor can perform the stated capability within the correct resource/context; unauthorized/cross-tenant attempt is denied; resulting business state/data is traceable.,Domain/State/Version/Authz,NOT IMPLEMENTED,MAPPED — NOT IMPLEMENTED
BR-TPL-013,TPL,CORE,System,إنشاء Plan Instance/Plan Snapshot ثابت للمتدرب عند بدء التنفيذ.,SM-PLANT; SM-PLANI; SM-TASK,TPL-01..TPL-08; STU-T02..STU-T04; ORG-O03..ORG-O04,PERMISSIONS_MATRIX_V2.csv,AC-BR-TPL-013,Authorized actor can perform the stated capability within the correct resource/context; unauthorized/cross-tenant attempt is denied; resulting business state/data is traceable.,Domain/State/Version/Authz,NOT IMPLEMENTED,MAPPED — NOT IMPLEMENTED
BR-TPL-014,TPL,CORE,System/Organization,إدارة Plan Version وعدم تغيير رحلة نشطة بأثر رجعي بسبب تعديل القالب.,SM-PLANT; SM-PLANI; SM-TASK,TPL-01..TPL-08; STU-T02..STU-T04; ORG-O03..ORG-O04,PERMISSIONS_MATRIX_V2.csv,AC-BR-TPL-014,Negative rule: violating attempt is rejected server-side; authorized/history behavior remains unchanged; denial is testable.,Domain/State/Version/Authz,NOT IMPLEMENTED,MAPPED — PLAN CHANGE RULE REQUIRES APPROVAL
BR-TPL-015,TPL,CORE,Organization,الاحتفاظ بتاريخ إصدارات الخطة وحالة كل إصدار.,SM-PLANT; SM-PLANI; SM-TASK,TPL-01..TPL-08; STU-T02..STU-T04; ORG-O03..ORG-O04,PERMISSIONS_MATRIX_V2.csv,AC-BR-TPL-015,Authorized actor can perform the stated capability within the correct resource/context; unauthorized/cross-tenant attempt is denied; resulting business state/data is traceable.,Domain/State/Version/Authz,NOT IMPLEMENTED,MAPPED — NOT IMPLEMENTED
BR-TPL-016,TPL,CORE,Student/Organization/Supervisor,إظهار Progress على مستوى Task وStage وPlan.,SM-PLANT; SM-PLANI; SM-TASK,TPL-01..TPL-08; STU-T02..STU-T04; ORG-O03..ORG-O04,PERMISSIONS_MATRIX_V2.csv,AC-BR-TPL-016,Authorized actor can perform the stated capability within the correct resource/context; unauthorized/cross-tenant attempt is denied; resulting business state/data is traceable.,Domain/State/Version/Authz,NOT IMPLEMENTED,MAPPED — NOT IMPLEMENTED
BR-SCR-001,SCR,CORE,Organization/University,دعم Assessment Methods: Pass/Fail وPoints وPercentage وRating Scale وBasic Rubric.,SM-TASK; SM-PLANI,TPL-05; TPL-08; STU-T05..STU-T06; FS-05..FS-06; ASUP-04,PERMISSIONS_MATRIX_V2.csv,AC-BR-SCR-001,Authorized actor can perform the stated capability within the correct resource/context; unauthorized/cross-tenant attempt is denied; resulting business state/data is traceable.,Calculation/Version/Authz/Unit,NOT IMPLEMENTED,MAPPED — SCORING RULE APPROVAL REQUIRED
BR-SCR-002,SCR,CORE,Assessor,إتاحة درجة/نتيجة على مستوى Task أو Assessment عند تفعيل Scoring.,SM-TASK; SM-PLANI,TPL-05; TPL-08; STU-T05..STU-T06; FS-05..FS-06; ASUP-04,PERMISSIONS_MATRIX_V2.csv,AC-BR-SCR-002,Authorized actor can perform the stated capability within the correct resource/context; unauthorized/cross-tenant attempt is denied; resulting business state/data is traceable.,Calculation/Version/Authz/Unit,NOT IMPLEMENTED,MAPPED — SCORING RULE APPROVAL REQUIRED
BR-SCR-003,SCR,CORE,Plan Owner,إتاحة وزن للمهمة داخل المرحلة عند الحاجة.,SM-TASK; SM-PLANI,TPL-05; TPL-08; STU-T05..STU-T06; FS-05..FS-06; ASUP-04,PERMISSIONS_MATRIX_V2.csv,AC-BR-SCR-003,Authorized actor can perform the stated capability within the correct resource/context; unauthorized/cross-tenant attempt is denied; resulting business state/data is traceable.,Calculation/Version/Authz/Unit,NOT IMPLEMENTED,MAPPED — SCORING RULE APPROVAL REQUIRED
BR-SCR-004,SCR,CORE,Plan Owner,إتاحة وزن للمرحلة في النتيجة النهائية.,SM-TASK; SM-PLANI,TPL-05; TPL-08; STU-T05..STU-T06; FS-05..FS-06; ASUP-04,PERMISSIONS_MATRIX_V2.csv,AC-BR-SCR-004,Authorized actor can perform the stated capability within the correct resource/context; unauthorized/cross-tenant attempt is denied; resulting business state/data is traceable.,Calculation/Version/Authz/Unit,NOT IMPLEMENTED,MAPPED — SCORING RULE APPROVAL REQUIRED
BR-SCR-005,SCR,CORE,Plan Owner,دعم Passing Threshold على مستوى المهمة/التقييم/الخطة حسب Configuration.,SM-TASK; SM-PLANI,TPL-05; TPL-08; STU-T05..STU-T06; FS-05..FS-06; ASUP-04,PERMISSIONS_MATRIX_V2.csv,AC-BR-SCR-005,Authorized actor can perform the stated capability within the correct resource/context; unauthorized/cross-tenant attempt is denied; resulting business state/data is traceable.,Calculation/Version/Authz/Unit,NOT IMPLEMENTED,MAPPED — SCORING RULE APPROVAL REQUIRED
BR-SCR-006,SCR,CORE,Assessor/Plan Owner,دعم Rubric بمعايير متعددة وأوزان لكل معيار.,SM-TASK; SM-PLANI,TPL-05; TPL-08; STU-T05..STU-T06; FS-05..FS-06; ASUP-04,PERMISSIONS_MATRIX_V2.csv,AC-BR-SCR-006,Authorized actor can perform the stated capability within the correct resource/context; unauthorized/cross-tenant attempt is denied; resulting business state/data is traceable.,Calculation/Version/Authz/Unit,NOT IMPLEMENTED,MAPPED — SCORING RULE APPROVAL REQUIRED
BR-SCR-007,SCR,CORE,System,حساب نتيجة Rubric من المعايير وفق الصيغة المعتمدة.,SM-TASK; SM-PLANI,TPL-05; TPL-08; STU-T05..STU-T06; FS-05..FS-06; ASUP-04,PERMISSIONS_MATRIX_V2.csv,AC-BR-SCR-007,Authorized actor can perform the stated capability within the correct resource/context; unauthorized/cross-tenant attempt is denied; resulting business state/data is traceable.,Calculation/Version/Authz/Unit,NOT IMPLEMENTED,MAPPED — SCORING RULE APPROVAL REQUIRED
BR-SCR-008,SCR,CORE,System,حساب Final Training Score عند استخدام Scoring.,SM-TASK; SM-PLANI,TPL-05; TPL-08; STU-T05..STU-T06; FS-05..FS-06; ASUP-04,PERMISSIONS_MATRIX_V2.csv,AC-BR-SCR-008,Authorized actor can perform the stated capability within the correct resource/context; unauthorized/cross-tenant attempt is denied; resulting business state/data is traceable.,Calculation/Version/Authz/Unit,NOT IMPLEMENTED,MAPPED — SCORING RULE APPROVAL REQUIRED
BR-SCR-009,SCR,CORE,System,الاحتفاظ بـScoring Version المستخدمة للرحلة.,SM-TASK; SM-PLANI,TPL-05; TPL-08; STU-T05..STU-T06; FS-05..FS-06; ASUP-04,PERMISSIONS_MATRIX_V2.csv,AC-BR-SCR-009,Authorized actor can perform the stated capability within the correct resource/context; unauthorized/cross-tenant attempt is denied; resulting business state/data is traceable.,Calculation/Version/Authz/Unit,NOT IMPLEMENTED,MAPPED — SCORING RULE APPROVAL REQUIRED
BR-SCR-010,SCR,CORE,Cross-party,فصل Organization Training Score عن University Academic Grade.,SM-TASK; SM-PLANI,TPL-05; TPL-08; STU-T05..STU-T06; FS-05..FS-06; ASUP-04,PERMISSIONS_MATRIX_V2.csv,AC-BR-SCR-010,Authorized actor can perform the stated capability within the correct resource/context; unauthorized/cross-tenant attempt is denied; resulting business state/data is traceable.,Calculation/Version/Authz/Unit,NOT IMPLEMENTED,MAPPED — SCORING RULE APPROVAL REQUIRED
BR-SCR-011,SCR,CORE,University,السماح للجامعة باستخدام Training Score كInput في معادلتها دون نسخه تلقائيًا كAcademic Grade.,SM-TASK; SM-PLANI,TPL-05; TPL-08; STU-T05..STU-T06; FS-05..FS-06; ASUP-04,PERMISSIONS_MATRIX_V2.csv,AC-BR-SCR-011,Authorized actor can perform the stated capability within the correct resource/context; unauthorized/cross-tenant attempt is denied; resulting business state/data is traceable.,Calculation/Version/Authz/Unit,NOT IMPLEMENTED,MAPPED — SCORING RULE APPROVAL REQUIRED
BR-SCR-012,SCR,CORE,System,عدم إعادة احتساب تاريخي لنتيجة رحلة مغلقة بسبب تغيير قالب أو أوزان لاحقة.,SM-TASK; SM-PLANI,TPL-05; TPL-08; STU-T05..STU-T06; FS-05..FS-06; ASUP-04,PERMISSIONS_MATRIX_V2.csv,AC-BR-SCR-012,Negative rule: violating attempt is rejected server-side; authorized/history behavior remains unchanged; denial is testable.,Calculation/Version/Authz/Unit,NOT IMPLEMENTED,MAPPED — SCORING RULE APPROVAL REQUIRED
BR-ORG-001,ORG,CORE,Organization Training Officer,تمكين مسؤول التدريب لدى الجهة من لوحة تشغيل مستقلة لإدارة الفرص والمتقدمين والمتدربين.,SM-OPP; SM-APL; SM-TRN; SM-PLANI,ORG-R01..ORG-R07; ORG-O01..ORG-O06,PERMISSIONS_MATRIX_V2.csv,AC-BR-ORG-001,Authorized actor can perform the stated capability within the correct resource/context; unauthorized/cross-tenant attempt is denied; resulting business state/data is traceable.,Authz/E2E/Domain,NOT IMPLEMENTED,MAPPED — NOT IMPLEMENTED
BR-ORG-002,ORG,CORE,Organization Admin,تمكين الجهة من إدارة بياناتها العامة والتشغيلية المسموح بها.,SM-OPP; SM-APL; SM-TRN; SM-PLANI,ORG-R01..ORG-R07; ORG-O01..ORG-O06,PERMISSIONS_MATRIX_V2.csv,AC-BR-ORG-002,Authorized actor can perform the stated capability within the correct resource/context; unauthorized/cross-tenant attempt is denied; resulting business state/data is traceable.,Authz/E2E/Domain,NOT IMPLEMENTED,MAPPED — NOT IMPLEMENTED
BR-ORG-003,ORG,CORE,Organization Training Officer,تمكين الجهة من إدارة فرصها وحالاتها.,SM-OPP; SM-APL; SM-TRN; SM-PLANI,ORG-R01..ORG-R07; ORG-O01..ORG-O06,PERMISSIONS_MATRIX_V2.csv,AC-BR-ORG-003,Authorized actor can perform the stated capability within the correct resource/context; unauthorized/cross-tenant attempt is denied; resulting business state/data is traceable.,Authz/E2E/Domain,NOT IMPLEMENTED,MAPPED — NOT IMPLEMENTED
BR-ORG-004,ORG,CORE,Organization Training Officer,تمكين الجهة من إدارة Applicant decisions.,SM-OPP; SM-APL; SM-TRN; SM-PLANI,ORG-R01..ORG-R07; ORG-O01..ORG-O06,PERMISSIONS_MATRIX_V2.csv,AC-BR-ORG-004,Authorized actor can perform the stated capability within the correct resource/context; unauthorized/cross-tenant attempt is denied; resulting business state/data is traceable.,Authz/E2E/Domain,NOT IMPLEMENTED,MAPPED — NOT IMPLEMENTED
BR-ORG-005,ORG,CORE,Organization Training Officer,تمكين الجهة من رؤية المتدربين النشطين والمكتملين والمتعثرين ضمن نطاقها.,SM-OPP; SM-APL; SM-TRN; SM-PLANI,ORG-R01..ORG-R07; ORG-O01..ORG-O06,PERMISSIONS_MATRIX_V2.csv,AC-BR-ORG-005,Authorized actor can perform the stated capability within the correct resource/context; unauthorized/cross-tenant attempt is denied; resulting business state/data is traceable.,Authz/E2E/Domain,NOT IMPLEMENTED,MAPPED — NOT IMPLEMENTED
BR-ORG-006,ORG,CORE,Organization Training Officer,تمكين الجهة من تعيين Training Plan للمتدرب.,SM-OPP; SM-APL; SM-TRN; SM-PLANI,ORG-R01..ORG-R07; ORG-O01..ORG-O06,PERMISSIONS_MATRIX_V2.csv,AC-BR-ORG-006,Authorized actor can perform the stated capability within the correct resource/context; unauthorized/cross-tenant attempt is denied; resulting business state/data is traceable.,Authz/E2E/Domain,NOT IMPLEMENTED,MAPPED — NOT IMPLEMENTED
BR-ORG-007,ORG,CORE,Organization Training Officer,تمكين الجهة من تعيين Field Supervisor وتغييره مع تاريخ.,SM-OPP; SM-APL; SM-TRN; SM-PLANI,ORG-R01..ORG-R07; ORG-O01..ORG-O06,PERMISSIONS_MATRIX_V2.csv,AC-BR-ORG-007,Authorized actor can perform the stated capability within the correct resource/context; unauthorized/cross-tenant attempt is denied; resulting business state/data is traceable.,Authz/E2E/Domain,NOT IMPLEMENTED,MAPPED — NOT IMPLEMENTED
BR-ORG-008,ORG,CORE,Organization Training Officer,تمكين الجهة من متابعة تقدم الخطة والمهام والأدلة.,SM-OPP; SM-APL; SM-TRN; SM-PLANI,ORG-R01..ORG-R07; ORG-O01..ORG-O06,PERMISSIONS_MATRIX_V2.csv,AC-BR-ORG-008,Authorized actor can perform the stated capability within the correct resource/context; unauthorized/cross-tenant attempt is denied; resulting business state/data is traceable.,Authz/E2E/Domain,NOT IMPLEMENTED,MAPPED — NOT IMPLEMENTED
BR-ORG-009,ORG,CORE,Organization Training Officer,تمكين الجهة من متابعة الإجراءات المطلوبة والمتأخرة.,SM-OPP; SM-APL; SM-TRN; SM-PLANI,ORG-R01..ORG-R07; ORG-O01..ORG-O06,PERMISSIONS_MATRIX_V2.csv,AC-BR-ORG-009,Authorized actor can perform the stated capability within the correct resource/context; unauthorized/cross-tenant attempt is denied; resulting business state/data is traceable.,Authz/E2E/Domain,NOT IMPLEMENTED,MAPPED — NOT IMPLEMENTED
BR-ORG-010,ORG,CORE,Organization Training Officer,تمكين الجهة من إدارة Training Exceptions التي تخصها.,SM-OPP; SM-APL; SM-TRN; SM-PLANI,ORG-R01..ORG-R07; ORG-O01..ORG-O06,PERMISSIONS_MATRIX_V2.csv,AC-BR-ORG-010,Authorized actor can perform the stated capability within the correct resource/context; unauthorized/cross-tenant attempt is denied; resulting business state/data is traceable.,Authz/E2E/Domain,NOT IMPLEMENTED,MAPPED — NOT IMPLEMENTED
BR-ORG-011,ORG,CORE,Organization/Field Supervisor,تمكين الجهة من تنفيذ/إدارة Interim and Final Evaluations.,SM-OPP; SM-APL; SM-TRN; SM-PLANI,ORG-R01..ORG-R07; ORG-O01..ORG-O06,PERMISSIONS_MATRIX_V2.csv,AC-BR-ORG-011,Authorized actor can perform the stated capability within the correct resource/context; unauthorized/cross-tenant attempt is denied; resulting business state/data is traceable.,Authz/E2E/Domain,NOT IMPLEMENTED,MAPPED — NOT IMPLEMENTED
BR-ORG-012,ORG,CORE,Organization Training Officer,تمكين الجهة من إنهاء Training Journey من منظورها عند استيفاء الشروط.,SM-OPP; SM-APL; SM-TRN; SM-PLANI,ORG-R01..ORG-R07; ORG-O01..ORG-O06,PERMISSIONS_MATRIX_V2.csv,AC-BR-ORG-012,Authorized actor can perform the stated capability within the correct resource/context; unauthorized/cross-tenant attempt is denied; resulting business state/data is traceable.,Authz/E2E/Domain,NOT IMPLEMENTED,MAPPED — NOT IMPLEMENTED
BR-ORG-013,ORG,CORE,Organization Training Officer,توفير تقارير تشغيلية أساسية عن الفرص والمتدربين والتقدم والتقييم والإكمال.,SM-OPP; SM-APL; SM-TRN; SM-PLANI,ORG-R01..ORG-R07; ORG-O01..ORG-O06,PERMISSIONS_MATRIX_V2.csv,AC-BR-ORG-013,Authorized actor can perform the stated capability within the correct resource/context; unauthorized/cross-tenant attempt is denied; resulting business state/data is traceable.,Authz/E2E/Domain,NOT IMPLEMENTED,MAPPED — NOT IMPLEMENTED
BR-ORG-014,ORG,CORE,Organization/Integration,دعم coexistence مع ATS/HRIS دون اشتراط استبداله.,SM-OPP; SM-APL; SM-TRN; SM-PLANI,ORG-R01..ORG-R07; ORG-O01..ORG-O06,PERMISSIONS_MATRIX_V2.csv,AC-BR-ORG-014,Authorized actor can perform the stated capability within the correct resource/context; unauthorized/cross-tenant attempt is denied; resulting business state/data is traceable.,Authz/E2E/Domain,NOT IMPLEMENTED,MAPPED — NOT IMPLEMENTED
BR-ORG-015,ORG,CORE,Organization,إبقاء Talent Pipeline المتقدم وCRM خارج Pilot Core ما لم يعتمد لاحقًا.,SM-OPP; SM-APL; SM-TRN; SM-PLANI,ORG-R01..ORG-R07; ORG-O01..ORG-O06,PERMISSIONS_MATRIX_V2.csv,AC-BR-ORG-015,Authorized actor can perform the stated capability within the correct resource/context; unauthorized/cross-tenant attempt is denied; resulting business state/data is traceable.,Authz/E2E/Domain,NOT IMPLEMENTED,MAPPED — NOT IMPLEMENTED
BR-STU-001,STU,CORE,Student/Trainee,تمكين الطالب/المتدرب من Self-registration واستكمال ملف أساسي.,SM-APL; SM-TRN; SM-TASK; SM-ACA,STU-D01..STU-D10; STU-T01..STU-T08; STU-A01..STU-A04,PERMISSIONS_MATRIX_V2.csv,AC-BR-STU-001,Authorized actor can perform the stated capability within the correct resource/context; unauthorized/cross-tenant attempt is denied; resulting business state/data is traceable.,Authz/E2E/UI,NOT IMPLEMENTED,MAPPED — NOT IMPLEMENTED
BR-STU-002,STU,CORE,Student/Trainee,تحديد الجامعة/التخصص/السياق الأكاديمي إن وجد دون اشتراط اشتراك الجامعة.,SM-APL; SM-TRN; SM-TASK; SM-ACA,STU-D01..STU-D10; STU-T01..STU-T08; STU-A01..STU-A04,PERMISSIONS_MATRIX_V2.csv,AC-BR-STU-002,Authorized actor can perform the stated capability within the correct resource/context; unauthorized/cross-tenant attempt is denied; resulting business state/data is traceable.,Authz/E2E/UI,NOT IMPLEMENTED,MAPPED — NOT IMPLEMENTED
BR-STU-003,STU,CORE,Student/Trainee,عرض الفرص والتقديم ومتابعة الطلبات.,SM-APL; SM-TRN; SM-TASK; SM-ACA,STU-D01..STU-D10; STU-T01..STU-T08; STU-A01..STU-A04,PERMISSIONS_MATRIX_V2.csv,AC-BR-STU-003,Authorized actor can perform the stated capability within the correct resource/context; unauthorized/cross-tenant attempt is denied; resulting business state/data is traceable.,Authz/E2E/UI,NOT IMPLEMENTED,MAPPED — NOT IMPLEMENTED
BR-STU-004,STU,CORE,Student/Trainee,عرض Training Journey الحالية وحالتها وإجراءاته المطلوبة.,SM-APL; SM-TRN; SM-TASK; SM-ACA,STU-D01..STU-D10; STU-T01..STU-T08; STU-A01..STU-A04,PERMISSIONS_MATRIX_V2.csv,AC-BR-STU-004,Authorized actor can perform the stated capability within the correct resource/context; unauthorized/cross-tenant attempt is denied; resulting business state/data is traceable.,Authz/E2E/UI,NOT IMPLEMENTED,MAPPED — NOT IMPLEMENTED
BR-STU-005,STU,CORE,Student/Trainee,عرض Training Plan والمراحل والمهام والتواريخ.,SM-APL; SM-TRN; SM-TASK; SM-ACA,STU-D01..STU-D10; STU-T01..STU-T08; STU-A01..STU-A04,PERMISSIONS_MATRIX_V2.csv,AC-BR-STU-005,Authorized actor can perform the stated capability within the correct resource/context; unauthorized/cross-tenant attempt is denied; resulting business state/data is traceable.,Authz/E2E/UI,NOT IMPLEMENTED,MAPPED — NOT IMPLEMENTED
BR-STU-006,STU,CORE,Student/Trainee,تمكين المتدرب من رفع Evidence وتنفيذ المتطلبات الموكلة له.,SM-APL; SM-TRN; SM-TASK; SM-ACA,STU-D01..STU-D10; STU-T01..STU-T08; STU-A01..STU-A04,PERMISSIONS_MATRIX_V2.csv,AC-BR-STU-006,Authorized actor can perform the stated capability within the correct resource/context; unauthorized/cross-tenant attempt is denied; resulting business state/data is traceable.,Authz/E2E/UI,NOT IMPLEMENTED,MAPPED — NOT IMPLEMENTED
BR-STU-007,STU,CORE,Student/Trainee,عرض Feedback/Revision Required وإعادة الإرسال عند الحاجة.,SM-APL; SM-TRN; SM-TASK; SM-ACA,STU-D01..STU-D10; STU-T01..STU-T08; STU-A01..STU-A04,PERMISSIONS_MATRIX_V2.csv,AC-BR-STU-007,Authorized actor can perform the stated capability within the correct resource/context; unauthorized/cross-tenant attempt is denied; resulting business state/data is traceable.,Authz/E2E/UI,NOT IMPLEMENTED,MAPPED — NOT IMPLEMENTED
BR-STU-008,STU,CORE,Student/Trainee,عرض نتائج الاختبارات/التقييمات المسموح بها وFinal Training Score.,SM-APL; SM-TRN; SM-TASK; SM-ACA,STU-D01..STU-D10; STU-T01..STU-T08; STU-A01..STU-A04,PERMISSIONS_MATRIX_V2.csv,AC-BR-STU-008,Authorized actor can perform the stated capability within the correct resource/context; unauthorized/cross-tenant attempt is denied; resulting business state/data is traceable.,Authz/E2E/UI,NOT IMPLEMENTED,MAPPED — NOT IMPLEMENTED
BR-STU-009,STU,CORE,Student/Trainee,إتاحة Final Training Report عند استكماله حسب السياسة.,SM-APL; SM-TRN; SM-TASK; SM-ACA,STU-D01..STU-D10; STU-T01..STU-T08; STU-A01..STU-A04,PERMISSIONS_MATRIX_V2.csv,AC-BR-STU-009,Authorized actor can perform the stated capability within the correct resource/context; unauthorized/cross-tenant attempt is denied; resulting business state/data is traceable.,Authz/E2E/UI,NOT IMPLEMENTED,MAPPED — NOT IMPLEMENTED
BR-STU-010,STU,CORE,Student/Trainee,إتاحة رفع Issue/Exception ومتابعة حالته.,SM-APL; SM-TRN; SM-TASK; SM-ACA,STU-D01..STU-D10; STU-T01..STU-T08; STU-A01..STU-A04,PERMISSIONS_MATRIX_V2.csv,AC-BR-STU-010,Authorized actor can perform the stated capability within the correct resource/context; unauthorized/cross-tenant attempt is denied; resulting business state/data is traceable.,Authz/E2E/UI,NOT IMPLEMENTED,MAPPED — NOT IMPLEMENTED
BR-STU-011,STU,CORE,Student,إتاحة Invite University في المسار الأكاديمي غير المتصل.,SM-APL; SM-TRN; SM-TASK; SM-ACA,STU-D01..STU-D10; STU-T01..STU-T08; STU-A01..STU-A04,PERMISSIONS_MATRIX_V2.csv,AC-BR-STU-011,Authorized actor can perform the stated capability within the correct resource/context; unauthorized/cross-tenant attempt is denied; resulting business state/data is traceable.,Authz/E2E/UI,NOT IMPLEMENTED,MAPPED — NOT IMPLEMENTED
BR-STU-012,STU,CORE,Student,إتاحة Academic Documentation Bridge عند غياب مشاركة الجامعة.,SM-APL; SM-TRN; SM-TASK; SM-ACA,STU-D01..STU-D10; STU-T01..STU-T08; STU-A01..STU-A04,PERMISSIONS_MATRIX_V2.csv,AC-BR-STU-012,Authorized actor can perform the stated capability within the correct resource/context; unauthorized/cross-tenant attempt is denied; resulting business state/data is traceable.,Authz/E2E/UI,NOT IMPLEMENTED,MAPPED — NOT IMPLEMENTED
BR-STU-013,STU,CORE,Student/System,عدم السماح للطالب بإنشاء University Verified academic decision بنفسه.,SM-APL; SM-TRN; SM-TASK; SM-ACA,STU-D01..STU-D10; STU-T01..STU-T08; STU-A01..STU-A04,PERMISSIONS_MATRIX_V2.csv,AC-BR-STU-013,Negative rule: violating attempt is rejected server-side; authorized/history behavior remains unchanged; denial is testable.,Authz/E2E/UI,NOT IMPLEMENTED,MAPPED — NOT IMPLEMENTED
BR-STU-014,STU,CORE,Student,عرض Training Completion وAcademic Status بصورة منفصلة.,SM-APL; SM-TRN; SM-TASK; SM-ACA,STU-D01..STU-D10; STU-T01..STU-T08; STU-A01..STU-A04,PERMISSIONS_MATRIX_V2.csv,AC-BR-STU-014,Authorized actor can perform the stated capability within the correct resource/context; unauthorized/cross-tenant attempt is denied; resulting business state/data is traceable.,Authz/E2E/UI,NOT IMPLEMENTED,MAPPED — NOT IMPLEMENTED
BR-ACA-001,ACA,CORE,University/System,إنشاء Academic Overlay فقط للرحلات التي يتطلب نوع برنامجها ذلك.,SM-ACA,UNI-01..UNI-06; STU-A01..STU-A04; GUEST-01..GUEST-06,PERMISSIONS_MATRIX_V2.csv,AC-BR-ACA-001,Authorized actor can perform the stated capability within the correct resource/context; unauthorized/cross-tenant attempt is denied; resulting business state/data is traceable.,Domain/State/Authz/E2E,NOT IMPLEMENTED,MAPPED — NOT IMPLEMENTED
BR-ACA-002,ACA,CORE,University,ربط Academic Overlay بجامعة وبرنامج/إطار أكاديمي مناسب.,SM-ACA,UNI-01..UNI-06; STU-A01..STU-A04; GUEST-01..GUEST-06,PERMISSIONS_MATRIX_V2.csv,AC-BR-ACA-002,Authorized actor can perform the stated capability within the correct resource/context; unauthorized/cross-tenant attempt is denied; resulting business state/data is traceable.,Domain/State/Authz/E2E,NOT IMPLEMENTED,MAPPED — NOT IMPLEMENTED
BR-ACA-003,ACA,CORE,University Admin,دعم Institutional University account بصلاحيات كاملة ضمن نطاق المؤسسة.,SM-ACA,UNI-01..UNI-06; STU-A01..STU-A04; GUEST-01..GUEST-06,PERMISSIONS_MATRIX_V2.csv,AC-BR-ACA-003,Authorized actor can perform the stated capability within the correct resource/context; unauthorized/cross-tenant attempt is denied; resulting business state/data is traceable.,Domain/State/Authz/E2E,NOT IMPLEMENTED,MAPPED — NOT IMPLEMENTED
BR-ACA-004,ACA,CORE,Guest University,دعم Guest University access لحالة/إجراء محدد فقط.,SM-ACA,UNI-01..UNI-06; STU-A01..STU-A04; GUEST-01..GUEST-06,PERMISSIONS_MATRIX_V2.csv,AC-BR-ACA-004,Authorized actor can perform the stated capability within the correct resource/context; unauthorized/cross-tenant attempt is denied; resulting business state/data is traceable.,Domain/State/Authz/E2E,NOT IMPLEMENTED,MAPPED — NOT IMPLEMENTED
BR-ACA-005,ACA,CORE,University Authorized Role,دعم Academic Placement Approval/Reject/Request Information عند اشتراط الاعتماد.,SM-ACA,UNI-01..UNI-06; STU-A01..STU-A04; GUEST-01..GUEST-06,PERMISSIONS_MATRIX_V2.csv,AC-BR-ACA-005,Authorized actor can perform the stated capability within the correct resource/context; unauthorized/cross-tenant attempt is denied; resulting business state/data is traceable.,Domain/State/Authz/E2E,NOT IMPLEMENTED,MAPPED — NOT IMPLEMENTED
BR-ACA-006,ACA,CORE,University Training Officer,دعم Academic Supervisor assignment والتغيير بتاريخ.,SM-ACA,UNI-01..UNI-06; STU-A01..STU-A04; GUEST-01..GUEST-06,PERMISSIONS_MATRIX_V2.csv,AC-BR-ACA-006,Authorized actor can perform the stated capability within the correct resource/context; unauthorized/cross-tenant attempt is denied; resulting business state/data is traceable.,Domain/State/Authz/E2E,NOT IMPLEMENTED,MAPPED — NOT IMPLEMENTED
BR-ACA-007,ACA,CORE,University,دعم Academic Requirements/Supplements فوق خطة الجهة.,SM-ACA,UNI-01..UNI-06; STU-A01..STU-A04; GUEST-01..GUEST-06,PERMISSIONS_MATRIX_V2.csv,AC-BR-ACA-007,Authorized actor can perform the stated capability within the correct resource/context; unauthorized/cross-tenant attempt is denied; resulting business state/data is traceable.,Domain/State/Authz/E2E,NOT IMPLEMENTED,MAPPED — NOT IMPLEMENTED
BR-ACA-008,ACA,CORE,Academic Supervisor,دعم Academic Reports/Milestones وإجراءات المراجعة.,SM-ACA,UNI-01..UNI-06; STU-A01..STU-A04; GUEST-01..GUEST-06,PERMISSIONS_MATRIX_V2.csv,AC-BR-ACA-008,Authorized actor can perform the stated capability within the correct resource/context; unauthorized/cross-tenant attempt is denied; resulting business state/data is traceable.,Domain/State/Authz/E2E,NOT IMPLEMENTED,MAPPED — NOT IMPLEMENTED
BR-ACA-009,ACA,CORE,Academic Supervisor/University,دعم Academic Evaluation بصورة مستقلة عن تقييم الجهة.,SM-ACA,UNI-01..UNI-06; STU-A01..STU-A04; GUEST-01..GUEST-06,PERMISSIONS_MATRIX_V2.csv,AC-BR-ACA-009,Authorized actor can perform the stated capability within the correct resource/context; unauthorized/cross-tenant attempt is denied; resulting business state/data is traceable.,Domain/State/Authz/E2E,NOT IMPLEMENTED,MAPPED — NOT IMPLEMENTED
BR-ACA-010,ACA,CORE,University,دعم Academic Grade وفق إطار الجامعة.,SM-ACA,UNI-01..UNI-06; STU-A01..STU-A04; GUEST-01..GUEST-06,PERMISSIONS_MATRIX_V2.csv,AC-BR-ACA-010,Authorized actor can perform the stated capability within the correct resource/context; unauthorized/cross-tenant attempt is denied; resulting business state/data is traceable.,Domain/State/Authz/E2E,NOT IMPLEMENTED,MAPPED — NOT IMPLEMENTED
BR-ACA-011,ACA,CORE,University,دعم Academic Completion Readiness.,SM-ACA,UNI-01..UNI-06; STU-A01..STU-A04; GUEST-01..GUEST-06,PERMISSIONS_MATRIX_V2.csv,AC-BR-ACA-011,Authorized actor can perform the stated capability within the correct resource/context; unauthorized/cross-tenant attempt is denied; resulting business state/data is traceable.,Domain/State/Authz/E2E,NOT IMPLEMENTED,MAPPED — NOT IMPLEMENTED
BR-ACA-012,ACA,CORE,University Authorized Role,دعم Academic Closure من دور مخول فقط.,SM-ACA,UNI-01..UNI-06; STU-A01..STU-A04; GUEST-01..GUEST-06,PERMISSIONS_MATRIX_V2.csv,AC-BR-ACA-012,Authorized actor can perform the stated capability within the correct resource/context; unauthorized/cross-tenant attempt is denied; resulting business state/data is traceable.,Domain/State/Authz/E2E,NOT IMPLEMENTED,MAPPED — NOT IMPLEMENTED
BR-ACA-013,ACA,CORE,Student/System,دعم Self-Documented Academic Path عندما لا تشارك الجامعة مع Trust State واضح.,SM-ACA,UNI-01..UNI-06; STU-A01..STU-A04; GUEST-01..GUEST-06,PERMISSIONS_MATRIX_V2.csv,AC-BR-ACA-013,Authorized actor can perform the stated capability within the correct resource/context; unauthorized/cross-tenant attempt is denied; resulting business state/data is traceable.,Domain/State/Authz/E2E,NOT IMPLEMENTED,MAPPED — NOT IMPLEMENTED
BR-ACA-014,ACA,CORE,System,عدم عرض Academic Approval/Closure كـUniversity Verified دون مصدر تحقق مناسب.,SM-ACA,UNI-01..UNI-06; STU-A01..STU-A04; GUEST-01..GUEST-06,PERMISSIONS_MATRIX_V2.csv,AC-BR-ACA-014,Negative rule: violating attempt is rejected server-side; authorized/history behavior remains unchanged; denial is testable.,Domain/State/Authz/E2E,NOT IMPLEMENTED,MAPPED — NOT IMPLEMENTED
BR-UAF-001,UAF,CORE,University Training Officer,توفير University Academic Framework Library للجامعات المؤسسية.,,UAF-01..UAF-03,PERMISSIONS_MATRIX_V2.csv,AC-BR-UAF-001,Authorized actor can perform the stated capability within the correct resource/context; unauthorized/cross-tenant attempt is denied; resulting business state/data is traceable.,Domain/Version/Authz,NOT IMPLEMENTED,MAPPED — NOT IMPLEMENTED
BR-UAF-002,UAF,CORE,University Training Officer,إنشاء Academic Framework مرتبط ببرنامج/تخصص/نوع تدريب/دورة عند الحاجة.,,UAF-01..UAF-03,PERMISSIONS_MATRIX_V2.csv,AC-BR-UAF-002,Authorized actor can perform the stated capability within the correct resource/context; unauthorized/cross-tenant attempt is denied; resulting business state/data is traceable.,Domain/Version/Authz,NOT IMPLEMENTED,MAPPED — NOT IMPLEMENTED
BR-UAF-003,UAF,CORE,University,تعريف Training Objectives / Learning Outcomes الأكاديمية.,,UAF-01..UAF-03,PERMISSIONS_MATRIX_V2.csv,AC-BR-UAF-003,Authorized actor can perform the stated capability within the correct resource/context; unauthorized/cross-tenant attempt is denied; resulting business state/data is traceable.,Domain/Version/Authz,NOT IMPLEMENTED,MAPPED — NOT IMPLEMENTED
BR-UAF-004,UAF,CORE,University,تعريف Mandatory Academic Requirements.,,UAF-01..UAF-03,PERMISSIONS_MATRIX_V2.csv,AC-BR-UAF-004,Authorized actor can perform the stated capability within the correct resource/context; unauthorized/cross-tenant attempt is denied; resulting business state/data is traceable.,Domain/Version/Authz,NOT IMPLEMENTED,MAPPED — NOT IMPLEMENTED
BR-UAF-005,UAF,CORE,University,تعريف Required Hours/Duration عندما ينطبق.,,UAF-01..UAF-03,PERMISSIONS_MATRIX_V2.csv,AC-BR-UAF-005,Authorized actor can perform the stated capability within the correct resource/context; unauthorized/cross-tenant attempt is denied; resulting business state/data is traceable.,Domain/Version/Authz,NOT IMPLEMENTED,MAPPED — NOT IMPLEMENTED
BR-UAF-006,UAF,CORE,University,تعريف Academic Reports/Evaluations/Presentations/Projects حسب البرنامج.,,UAF-01..UAF-03,PERMISSIONS_MATRIX_V2.csv,AC-BR-UAF-006,Authorized actor can perform the stated capability within the correct resource/context; unauthorized/cross-tenant attempt is denied; resulting business state/data is traceable.,Domain/Version/Authz,NOT IMPLEMENTED,MAPPED — NOT IMPLEMENTED
BR-UAF-007,UAF,CORE,University,تعريف Academic Scoring/Grade structure بصورة منفصلة عن Training Score.,,UAF-01..UAF-03,PERMISSIONS_MATRIX_V2.csv,AC-BR-UAF-007,Authorized actor can perform the stated capability within the correct resource/context; unauthorized/cross-tenant attempt is denied; resulting business state/data is traceable.,Domain/Version/Authz,NOT IMPLEMENTED,MAPPED — NOT IMPLEMENTED
BR-UAF-008,UAF,CORE,University,تعريف Completion/Closure Rules.,,UAF-01..UAF-03,PERMISSIONS_MATRIX_V2.csv,AC-BR-UAF-008,Authorized actor can perform the stated capability within the correct resource/context; unauthorized/cross-tenant attempt is denied; resulting business state/data is traceable.,Domain/Version/Authz,NOT IMPLEMENTED,MAPPED — NOT IMPLEMENTED
BR-UAF-009,UAF,CORE,University/System,إدارة Versioning للـFramework وعدم تطبيق تعديل بأثر رجعي على رحلات بدأت دون إجراء صريح.,,UAF-01..UAF-03,PERMISSIONS_MATRIX_V2.csv,AC-BR-UAF-009,Negative rule: violating attempt is rejected server-side; authorized/history behavior remains unchanged; denial is testable.,Domain/Version/Authz,NOT IMPLEMENTED,MAPPED — NOT IMPLEMENTED
BR-UAF-010,UAF,CORE,University,دعم Clone/Archive/Effective status للأطر.,,UAF-01..UAF-03,PERMISSIONS_MATRIX_V2.csv,AC-BR-UAF-010,Authorized actor can perform the stated capability within the correct resource/context; unauthorized/cross-tenant attempt is denied; resulting business state/data is traceable.,Domain/Version/Authz,NOT IMPLEMENTED,MAPPED — NOT IMPLEMENTED
BR-ALN-001,ALN,CORE,University/Organization,إنشاء Alignment بين Academic Framework وOrganization Training Plan للرحلات الأكاديمية.,SM-ALN,ALN-01..ALN-05,PERMISSIONS_MATRIX_V2.csv,AC-BR-ALN-001,Authorized actor can perform the stated capability within the correct resource/context; unauthorized/cross-tenant attempt is denied; resulting business state/data is traceable.,Domain/State/Version/Authz,NOT IMPLEMENTED,MAPPED — NOT IMPLEMENTED
BR-ALN-002,ALN,CORE,University/Organization,ربط Academic Requirement أو Objective بTask/Stage/Assessment/Deliverable واحد أو أكثر.,SM-ALN,ALN-01..ALN-05,PERMISSIONS_MATRIX_V2.csv,AC-BR-ALN-002,Authorized actor can perform the stated capability within the correct resource/context; unauthorized/cross-tenant attempt is denied; resulting business state/data is traceable.,Domain/State/Version/Authz,NOT IMPLEMENTED,MAPPED — NOT IMPLEMENTED
BR-ALN-003,ALN,CORE,University,تصنيف التغطية Covered / Partial / Gap / Not Applicable.,SM-ALN,ALN-01..ALN-05,PERMISSIONS_MATRIX_V2.csv,AC-BR-ALN-003,Authorized actor can perform the stated capability within the correct resource/context; unauthorized/cross-tenant attempt is denied; resulting business state/data is traceable.,Domain/State/Version/Authz,NOT IMPLEMENTED,MAPPED — NOT IMPLEMENTED
BR-ALN-004,ALN,CORE,University,إظهار Gap/Partial قبل قرار الاعتماد.,SM-ALN,ALN-01..ALN-05,PERMISSIONS_MATRIX_V2.csv,AC-BR-ALN-004,Authorized actor can perform the stated capability within the correct resource/context; unauthorized/cross-tenant attempt is denied; resulting business state/data is traceable.,Domain/State/Version/Authz,NOT IMPLEMENTED,MAPPED — NOT IMPLEMENTED
BR-ALN-005,ALN,CORE,University,السماح بإضافة Academic Supplement لمعالجة Gap دون تعديل خطة الجهة عند الإمكان.,SM-ALN,ALN-01..ALN-05,PERMISSIONS_MATRIX_V2.csv,AC-BR-ALN-005,Authorized actor can perform the stated capability within the correct resource/context; unauthorized/cross-tenant attempt is denied; resulting business state/data is traceable.,Domain/State/Version/Authz,NOT IMPLEMENTED,MAPPED — NOT IMPLEMENTED
BR-ALN-006,ALN,CORE,University,السماح بطلب Plan Adjustment من الجهة عند الحاجة.,SM-ALN,ALN-01..ALN-05,PERMISSIONS_MATRIX_V2.csv,AC-BR-ALN-006,Authorized actor can perform the stated capability within the correct resource/context; unauthorized/cross-tenant attempt is denied; resulting business state/data is traceable.,Domain/State/Version/Authz,NOT IMPLEMENTED,MAPPED — NOT IMPLEMENTED
BR-ALN-007,ALN,CORE,University Authorized Role,دعم Approve / Approve with Supplement / Request Adjustment / Reject.,SM-ALN,ALN-01..ALN-05,PERMISSIONS_MATRIX_V2.csv,AC-BR-ALN-007,Authorized actor can perform the stated capability within the correct resource/context; unauthorized/cross-tenant attempt is denied; resulting business state/data is traceable.,Domain/State/Version/Authz,NOT IMPLEMENTED,MAPPED — NOT IMPLEMENTED
BR-ALN-008,ALN,CORE,System,تثبيت Alignment Version المستخدمة للمتدرب.,SM-ALN,ALN-01..ALN-05,PERMISSIONS_MATRIX_V2.csv,AC-BR-ALN-008,Authorized actor can perform the stated capability within the correct resource/context; unauthorized/cross-tenant attempt is denied; resulting business state/data is traceable.,Domain/State/Version/Authz,NOT IMPLEMENTED,MAPPED — NOT IMPLEMENTED
BR-ALN-009,ALN,CORE,System,الاحتفاظ بتاريخ قرارات المواءمة وإصداراتها.,SM-ALN,ALN-01..ALN-05,PERMISSIONS_MATRIX_V2.csv,AC-BR-ALN-009,Authorized actor can perform the stated capability within the correct resource/context; unauthorized/cross-tenant attempt is denied; resulting business state/data is traceable.,Domain/State/Version/Authz,NOT IMPLEMENTED,MAPPED — NOT IMPLEMENTED
BR-ALN-010,ALN,CORE,University/System,السماح بإعادة استخدام Alignment سابق كأساس فقط بعد التحقق من الإصدارات والبرنامج.,SM-ALN,ALN-01..ALN-05,PERMISSIONS_MATRIX_V2.csv,AC-BR-ALN-010,Authorized actor can perform the stated capability within the correct resource/context; unauthorized/cross-tenant attempt is denied; resulting business state/data is traceable.,Domain/State/Version/Authz,NOT IMPLEMENTED,MAPPED — NOT IMPLEMENTED
BR-SUP-001,SUP,CORE,Academic Supervisor,توفير Workspace مستقل للمشرف الأكاديمي يعرض الطلاب المسندين له والإجراءات المطلوبة.,SM-TASK; SM-ACA,FS-01..FS-07; ASUP-01..ASUP-04,PERMISSIONS_MATRIX_V2.csv,AC-BR-SUP-001,Authorized actor can perform the stated capability within the correct resource/context; unauthorized/cross-tenant attempt is denied; resulting business state/data is traceable.,Authz/E2E/Negative,NOT IMPLEMENTED,MAPPED — NOT IMPLEMENTED
BR-SUP-002,SUP,CORE,Field Supervisor,توفير Workspace مستقل للمشرف الميداني يعرض المتدربين والمهام المرتبطة بهم فقط.,SM-TASK; SM-ACA,FS-01..FS-07; ASUP-01..ASUP-04,PERMISSIONS_MATRIX_V2.csv,AC-BR-SUP-002,Authorized actor can perform the stated capability within the correct resource/context; unauthorized/cross-tenant attempt is denied; resulting business state/data is traceable.,Authz/E2E/Negative,NOT IMPLEMENTED,MAPPED — NOT IMPLEMENTED
BR-SUP-003,SUP,CORE,Field Supervisor,تمكين المشرف الميداني من مراجعة Evidence والمهام الموكلة له.,SM-TASK; SM-ACA,FS-01..FS-07; ASUP-01..ASUP-04,PERMISSIONS_MATRIX_V2.csv,AC-BR-SUP-003,Authorized actor can perform the stated capability within the correct resource/context; unauthorized/cross-tenant attempt is denied; resulting business state/data is traceable.,Authz/E2E/Negative,NOT IMPLEMENTED,MAPPED — NOT IMPLEMENTED
BR-SUP-004,SUP,CORE,Field Supervisor,تمكين المشرف الميداني من إضافة Feedback وملاحظات مرتبطة بالتدريب.,SM-TASK; SM-ACA,FS-01..FS-07; ASUP-01..ASUP-04,PERMISSIONS_MATRIX_V2.csv,AC-BR-SUP-004,Authorized actor can perform the stated capability within the correct resource/context; unauthorized/cross-tenant attempt is denied; resulting business state/data is traceable.,Authz/E2E/Negative,NOT IMPLEMENTED,MAPPED — NOT IMPLEMENTED
BR-SUP-005,SUP,CORE,Field Supervisor,تمكين المشرف الميداني من تنفيذ Interim/Final Evaluation وفق الخطة.,SM-TASK; SM-ACA,FS-01..FS-07; ASUP-01..ASUP-04,PERMISSIONS_MATRIX_V2.csv,AC-BR-SUP-005,Authorized actor can perform the stated capability within the correct resource/context; unauthorized/cross-tenant attempt is denied; resulting business state/data is traceable.,Authz/E2E/Negative,NOT IMPLEMENTED,MAPPED — NOT IMPLEMENTED
BR-SUP-006,SUP,CORE,Academic Supervisor,تمكين المشرف الأكاديمي من مراجعة التقارير والمتطلبات الأكاديمية لطلابه.,SM-TASK; SM-ACA,FS-01..FS-07; ASUP-01..ASUP-04,PERMISSIONS_MATRIX_V2.csv,AC-BR-SUP-006,Authorized actor can perform the stated capability within the correct resource/context; unauthorized/cross-tenant attempt is denied; resulting business state/data is traceable.,Authz/E2E/Negative,NOT IMPLEMENTED,MAPPED — NOT IMPLEMENTED
BR-SUP-007,SUP,CORE,Academic Supervisor,تمكين المشرف الأكاديمي من تنفيذ Academic Evaluation حسب الإطار.,SM-TASK; SM-ACA,FS-01..FS-07; ASUP-01..ASUP-04,PERMISSIONS_MATRIX_V2.csv,AC-BR-SUP-007,Authorized actor can perform the stated capability within the correct resource/context; unauthorized/cross-tenant attempt is denied; resulting business state/data is traceable.,Authz/E2E/Negative,NOT IMPLEMENTED,MAPPED — NOT IMPLEMENTED
BR-SUP-008,SUP,CORE,Supervisors,منع أي مشرف من رؤية متدربين غير مسندين له دون صلاحية أوسع صريحة.,SM-TASK; SM-ACA,FS-01..FS-07; ASUP-01..ASUP-04,PERMISSIONS_MATRIX_V2.csv,AC-BR-SUP-008,Negative rule: violating attempt is rejected server-side; authorized/history behavior remains unchanged; denial is testable.,Authz/E2E/Negative,NOT IMPLEMENTED,MAPPED — NOT IMPLEMENTED
BR-EXC-001,EXC,CORE,Authorized Participant,إنشاء Exception مرتبطة بـTraining Journey أو Academic Overlay عند الحاجة.,SM-EXC,ORG-O05; FS-07; STU-T01,PERMISSIONS_MATRIX_V2.csv,AC-BR-EXC-001,Authorized actor can perform the stated capability within the correct resource/context; unauthorized/cross-tenant attempt is denied; resulting business state/data is traceable.,Domain/State/Authz/Audit,NOT IMPLEMENTED,MAPPED — NOT IMPLEMENTED
BR-EXC-002,EXC,CORE,System/Owner,تحديد النوع والمالك والحالة والأثر وBlocking flag.,SM-EXC,ORG-O05; FS-07; STU-T01,PERMISSIONS_MATRIX_V2.csv,AC-BR-EXC-002,Authorized actor can perform the stated capability within the correct resource/context; unauthorized/cross-tenant attempt is denied; resulting business state/data is traceable.,Domain/State/Authz/Audit,NOT IMPLEMENTED,MAPPED — NOT IMPLEMENTED
BR-EXC-003,EXC,CORE,Owner,تسجيل Resolution وResolution Actor.,SM-EXC,ORG-O05; FS-07; STU-T01,PERMISSIONS_MATRIX_V2.csv,AC-BR-EXC-003,Authorized actor can perform the stated capability within the correct resource/context; unauthorized/cross-tenant attempt is denied; resulting business state/data is traceable.,Domain/State/Authz/Audit,NOT IMPLEMENTED,MAPPED — NOT IMPLEMENTED
BR-EXC-004,EXC,CORE,Authorized Role,دعم Escalation عند الحاجة.,SM-EXC,ORG-O05; FS-07; STU-T01,PERMISSIONS_MATRIX_V2.csv,AC-BR-EXC-004,Authorized actor can perform the stated capability within the correct resource/context; unauthorized/cross-tenant attempt is denied; resulting business state/data is traceable.,Domain/State/Authz/Audit,NOT IMPLEMENTED,MAPPED — NOT IMPLEMENTED
BR-EXC-005,EXC,CORE,Student/Organization/University,دعم Placement/Organization Change مع الاحتفاظ بالتاريخ.,SM-EXC,ORG-O05; FS-07; STU-T01,PERMISSIONS_MATRIX_V2.csv,AC-BR-EXC-005,Authorized actor can perform the stated capability within the correct resource/context; unauthorized/cross-tenant attempt is denied; resulting business state/data is traceable.,Domain/State/Authz/Audit,NOT IMPLEMENTED,MAPPED — NOT IMPLEMENTED
BR-EXC-006,EXC,CORE,Cross-party,دعم Delayed Start / Supervisor Issue / Missing Task / Missing Evaluation / Early Termination كأنواع Pilot أساسية.,SM-EXC,ORG-O05; FS-07; STU-T01,PERMISSIONS_MATRIX_V2.csv,AC-BR-EXC-006,Authorized actor can perform the stated capability within the correct resource/context; unauthorized/cross-tenant attempt is denied; resulting business state/data is traceable.,Domain/State/Authz/Audit,NOT IMPLEMENTED,MAPPED — NOT IMPLEMENTED
BR-EXC-007,EXC,CORE,System,منع Transition متأثر إذا كانت Blocking Exception مفتوحة وفق القاعدة.,SM-EXC,ORG-O05; FS-07; STU-T01,PERMISSIONS_MATRIX_V2.csv,AC-BR-EXC-007,Negative rule: violating attempt is rejected server-side; authorized/history behavior remains unchanged; denial is testable.,Domain/State/Authz/Audit,NOT IMPLEMENTED,MAPPED — NOT IMPLEMENTED
BR-EXC-008,EXC,CORE,System,عدم حذف الأثر التاريخي للاستثناء بعد حله.,SM-EXC,ORG-O05; FS-07; STU-T01,PERMISSIONS_MATRIX_V2.csv,AC-BR-EXC-008,Negative rule: violating attempt is rejected server-side; authorized/history behavior remains unchanged; denial is testable.,Domain/State/Authz/Audit,NOT IMPLEMENTED,MAPPED — NOT IMPLEMENTED
BR-REP-001,REP,CORE,Student/Organization,توفير Final Training Report لكل رحلة مؤهلة لذلك.,,REP-01; STU-T08; TPL-08,PERMISSIONS_MATRIX_V2.csv,AC-BR-REP-001,Authorized actor can perform the stated capability within the correct resource/context; unauthorized/cross-tenant attempt is denied; resulting business state/data is traceable.,Query/Authz/Data/Export,NOT IMPLEMENTED,MAPPED — NOT IMPLEMENTED
BR-REP-002,REP,CORE,System,تضمين الخطة والمراحل والمهام والأدلة والتقييمات والنتيجة وحالة الإكمال في التقرير النهائي بالقدر المسموح.,,REP-01; STU-T08; TPL-08,PERMISSIONS_MATRIX_V2.csv,AC-BR-REP-002,Authorized actor can perform the stated capability within the correct resource/context; unauthorized/cross-tenant attempt is denied; resulting business state/data is traceable.,Query/Authz/Data/Export,NOT IMPLEMENTED,MAPPED — NOT IMPLEMENTED
BR-REP-003,REP,CORE,Organization,توفير Organization Operations reporting عن الفرص والمتدربين والتقدم والتقييم والإكمال.,,REP-01; STU-T08; TPL-08,PERMISSIONS_MATRIX_V2.csv,AC-BR-REP-003,Authorized actor can perform the stated capability within the correct resource/context; unauthorized/cross-tenant attempt is denied; resulting business state/data is traceable.,Query/Authz/Data/Export,NOT IMPLEMENTED,MAPPED — NOT IMPLEMENTED
BR-REP-004,REP,CORE,University,توفير University Operations reporting عن الطلاب والموافقات والتقدم والفجوات والإغلاق.,,REP-01; STU-T08; TPL-08,PERMISSIONS_MATRIX_V2.csv,AC-BR-REP-004,Authorized actor can perform the stated capability within the correct resource/context; unauthorized/cross-tenant attempt is denied; resulting business state/data is traceable.,Query/Authz/Data/Export,NOT IMPLEMENTED,MAPPED — NOT IMPLEMENTED
BR-REP-005,REP,CORE,Platform,توفير Marketplace/Pilot metrics مثل الفرص والطلبات والاستجابات والقبول وStarts/Fill Rate.,,REP-01; STU-T08; TPL-08,PERMISSIONS_MATRIX_V2.csv,AC-BR-REP-005,Authorized actor can perform the stated capability within the correct resource/context; unauthorized/cross-tenant attempt is denied; resulting business state/data is traceable.,Query/Authz/Data/Export,NOT IMPLEMENTED,MAPPED — NOT IMPLEMENTED
BR-REP-006,REP,CORE,Platform/Organization,توفير Training Operations metrics مثل plan reuse وtask completion وsupervisor/evaluation completion.,,REP-01; STU-T08; TPL-08,PERMISSIONS_MATRIX_V2.csv,AC-BR-REP-006,Authorized actor can perform the stated capability within the correct resource/context; unauthorized/cross-tenant attempt is denied; resulting business state/data is traceable.,Query/Authz/Data/Export,NOT IMPLEMENTED,MAPPED — NOT IMPLEMENTED
BR-REP-007,REP,CORE,Platform,توفير University acquisition metrics مثل invitations/guest actions/institutional interest.,,REP-01; STU-T08; TPL-08,PERMISSIONS_MATRIX_V2.csv,AC-BR-REP-007,Authorized actor can perform the stated capability within the correct resource/context; unauthorized/cross-tenant attempt is denied; resulting business state/data is traceable.,Query/Authz/Data/Export,NOT IMPLEMENTED,MAPPED — NOT IMPLEMENTED
BR-REP-008,REP,CORE,Authorized Actor,دعم تصدير بيانات/تقارير أساسية وفق الصلاحية وسياسة الخصوصية.,,REP-01; STU-T08; TPL-08,PERMISSIONS_MATRIX_V2.csv,AC-BR-REP-008,Authorized actor can perform the stated capability within the correct resource/context; unauthorized/cross-tenant attempt is denied; resulting business state/data is traceable.,Query/Authz/Data/Export,NOT IMPLEMENTED,MAPPED — NOT IMPLEMENTED
BR-REP-009,REP,CORE,Platform,عدم عرض مؤشرات تجريبية أو Placeholder كحقائق إنتاجية.,,REP-01; STU-T08; TPL-08,PERMISSIONS_MATRIX_V2.csv,AC-BR-REP-009,Negative rule: violating attempt is rejected server-side; authorized/history behavior remains unchanged; denial is testable.,Query/Authz/Data/Export,NOT IMPLEMENTED,MAPPED — NOT IMPLEMENTED
BR-ADM-001,ADM,CORE,Super Admin,توفير Super Admin لإدارة الصلاحيات العليا والقرارات الحساسة دون استخدامه افتراضيًا للتشغيل اليومي.,SM-VER,ADM-01..ADM-08,PERMISSIONS_MATRIX_V2.csv,AC-BR-ADM-001,Authorized actor can perform the stated capability within the correct resource/context; unauthorized/cross-tenant attempt is denied; resulting business state/data is traceable.,Authz/Audit/Security,NOT IMPLEMENTED,MAPPED — NOT IMPLEMENTED
BR-ADM-002,ADM,CORE,Operations Admin,توفير Platform Operations Admin للعمليات والدعم التشغيلي.,SM-VER,ADM-01..ADM-08,PERMISSIONS_MATRIX_V2.csv,AC-BR-ADM-002,Authorized actor can perform the stated capability within the correct resource/context; unauthorized/cross-tenant attempt is denied; resulting business state/data is traceable.,Authz/Audit/Security,NOT IMPLEMENTED,MAPPED — NOT IMPLEMENTED
BR-ADM-003,ADM,CORE,Verification Admin,توفير Verification Admin لاعتماد الجهات والممثلين المؤسسيين.,SM-VER,ADM-01..ADM-08,PERMISSIONS_MATRIX_V2.csv,AC-BR-ADM-003,Authorized actor can perform the stated capability within the correct resource/context; unauthorized/cross-tenant attempt is denied; resulting business state/data is traceable.,Authz/Audit/Security,NOT IMPLEMENTED,MAPPED — NOT IMPLEMENTED
BR-ADM-004,ADM,CORE,Moderation Admin,توفير Moderation Admin لمراجعة الفرص والمحتوى العام والبلاغات.,SM-VER,ADM-01..ADM-08,PERMISSIONS_MATRIX_V2.csv,AC-BR-ADM-004,Authorized actor can perform the stated capability within the correct resource/context; unauthorized/cross-tenant attempt is denied; resulting business state/data is traceable.,Authz/Audit/Security,NOT IMPLEMENTED,MAPPED — NOT IMPLEMENTED
BR-ADM-005,ADM,CORE,Support Admin,توفير Support Admin بصلاحية الحد الأدنى اللازمة للدعم.,SM-VER,ADM-01..ADM-08,PERMISSIONS_MATRIX_V2.csv,AC-BR-ADM-005,Authorized actor can perform the stated capability within the correct resource/context; unauthorized/cross-tenant attempt is denied; resulting business state/data is traceable.,Authz/Audit/Security,NOT IMPLEMENTED,MAPPED — NOT IMPLEMENTED
BR-ADM-006,ADM,CORE,Security/Compliance Admin,توفير Security/Compliance Admin لمراجعة الأمن والامتثال والأحداث ذات الصلة.,SM-VER,ADM-01..ADM-08,PERMISSIONS_MATRIX_V2.csv,AC-BR-ADM-006,Authorized actor can perform the stated capability within the correct resource/context; unauthorized/cross-tenant attempt is denied; resulting business state/data is traceable.,Authz/Audit/Security,NOT IMPLEMENTED,MAPPED — NOT IMPLEMENTED
BR-ADM-007,ADM,CORE,Super Admin,تمكين إدارة أدوار مديري صقل من Super Admin أو سلطة مخولة.,SM-VER,ADM-01..ADM-08,PERMISSIONS_MATRIX_V2.csv,AC-BR-ADM-007,Authorized actor can perform the stated capability within the correct resource/context; unauthorized/cross-tenant attempt is denied; resulting business state/data is traceable.,Authz/Audit/Security,NOT IMPLEMENTED,MAPPED — NOT IMPLEMENTED
BR-ADM-008,ADM,CORE,System,تسجيل Privileged Actions في Audit مستقل.,SM-VER,ADM-01..ADM-08,PERMISSIONS_MATRIX_V2.csv,AC-BR-ADM-008,Authorized actor can perform the stated capability within the correct resource/context; unauthorized/cross-tenant attempt is denied; resulting business state/data is traceable.,Authz/Audit/Security,NOT IMPLEMENTED,MAPPED — NOT IMPLEMENTED
BR-ADM-009,ADM,CORE,Platform Admin,تمكين تعليق/إعادة تفعيل مستخدم أو جهة أو فرصة وفق الدور والسياسة.,SM-VER,ADM-01..ADM-08,PERMISSIONS_MATRIX_V2.csv,AC-BR-ADM-009,Authorized actor can perform the stated capability within the correct resource/context; unauthorized/cross-tenant attempt is denied; resulting business state/data is traceable.,Authz/Audit/Security,NOT IMPLEMENTED,MAPPED — NOT IMPLEMENTED
BR-ADM-010,ADM,CORE,Platform Admin,منع Platform Admin من تنفيذ قرار أكاديمي أو تقييم تدريبي نيابة عن مالكه.,SM-VER,ADM-01..ADM-08,PERMISSIONS_MATRIX_V2.csv,AC-BR-ADM-010,Negative rule: violating attempt is rejected server-side; authorized/history behavior remains unchanged; denial is testable.,Authz/Audit/Security,NOT IMPLEMENTED,MAPPED — NOT IMPLEMENTED
BR-GOV-001,GOV,CORE,Cross-party,تحديد Business Owner لكل قرار حساس: القبول، الاعتماد الأكاديمي، التقييم، الإكمال والإغلاق.,,ADM-08; cross-cutting,PERMISSIONS_MATRIX_V2.csv,AC-BR-GOV-001,Authorized actor can perform the stated capability within the correct resource/context; unauthorized/cross-tenant attempt is denied; resulting business state/data is traceable.,Audit/Authz/Negative,NOT IMPLEMENTED,MAPPED — NOT IMPLEMENTED
BR-GOV-002,GOV,CORE,System,تسجيل actor/action/entity/time/result للقرارات الحساسة.,,ADM-08; cross-cutting,PERMISSIONS_MATRIX_V2.csv,AC-BR-GOV-002,Authorized actor can perform the stated capability within the correct resource/context; unauthorized/cross-tenant attempt is denied; resulting business state/data is traceable.,Audit/Authz/Negative,NOT IMPLEMENTED,MAPPED — NOT IMPLEMENTED
BR-GOV-003,GOV,CORE,System,فصل Business Audit عن Security Audit وعن Technical Logs.,,ADM-08; cross-cutting,PERMISSIONS_MATRIX_V2.csv,AC-BR-GOV-003,Authorized actor can perform the stated capability within the correct resource/context; unauthorized/cross-tenant attempt is denied; resulting business state/data is traceable.,Audit/Authz/Negative,NOT IMPLEMENTED,MAPPED — NOT IMPLEMENTED
BR-GOV-004,GOV,CORE,All,تطبيق least privilege وsegregation of duties على الأدوار الإدارية والمؤسسية.,,ADM-08; cross-cutting,PERMISSIONS_MATRIX_V2.csv,AC-BR-GOV-004,Authorized actor can perform the stated capability within the correct resource/context; unauthorized/cross-tenant attempt is denied; resulting business state/data is traceable.,Audit/Authz/Negative,NOT IMPLEMENTED,MAPPED — NOT IMPLEMENTED
BR-GOV-005,GOV,CORE,System,عدم السماح بتغيير Status عام يتجاوز Use Case أو Business Command معتمد.,,ADM-08; cross-cutting,PERMISSIONS_MATRIX_V2.csv,AC-BR-GOV-005,Negative rule: violating attempt is rejected server-side; authorized/history behavior remains unchanged; denial is testable.,Audit/Authz/Negative,NOT IMPLEMENTED,MAPPED — NOT IMPLEMENTED
BR-GOV-006,GOV,CORE,System,الاحتفاظ بتاريخ النسخ والقرارات وعدم الكتابة فوق السجل التاريخي.,,ADM-08; cross-cutting,PERMISSIONS_MATRIX_V2.csv,AC-BR-GOV-006,Negative rule: violating attempt is rejected server-side; authorized/history behavior remains unchanged; denial is testable.,Audit/Authz/Negative,NOT IMPLEMENTED,MAPPED — NOT IMPLEMENTED
BR-GOV-007,GOV,CORE,Cross-party,تمييز Source of Truth لكل بيانات/قرار مشترك.,,ADM-08; cross-cutting,PERMISSIONS_MATRIX_V2.csv,AC-BR-GOV-007,Authorized actor can perform the stated capability within the correct resource/context; unauthorized/cross-tenant attempt is denied; resulting business state/data is traceable.,Audit/Authz/Negative,NOT IMPLEMENTED,MAPPED — NOT IMPLEMENTED
BR-GOV-008,GOV,CORE,Platform Operations,توثيق أي Manual/Concierge operation أثناء Pilot لقياس Cost-to-Serve.,,ADM-08; cross-cutting,PERMISSIONS_MATRIX_V2.csv,AC-BR-GOV-008,Authorized actor can perform the stated capability within the correct resource/context; unauthorized/cross-tenant attempt is denied; resulting business state/data is traceable.,Audit/Authz/Negative,NOT IMPLEMENTED,MAPPED — NOT IMPLEMENTED
BR-CFG-001,CFG,CORE,Platform/Institution,استخدام Configuration قبل Custom Development كقاعدة حاكمة.,SM-PLANT,SYS-01; TPL-01..TPL-07; UAF-01..UAF-03,PERMISSIONS_MATRIX_V2.csv,AC-BR-CFG-001,Authorized actor can perform the stated capability within the correct resource/context; unauthorized/cross-tenant attempt is denied; resulting business state/data is traceable.,Config/Version/Authz,NOT IMPLEMENTED,MAPPED — NOT IMPLEMENTED
BR-CFG-002,CFG,CORE,Authorized Admin,دعم Configuration على مستوى Institution/Organization/Program/Program Type حيث يلزم.,SM-PLANT,SYS-01; TPL-01..TPL-07; UAF-01..UAF-03,PERMISSIONS_MATRIX_V2.csv,AC-BR-CFG-002,Authorized actor can perform the stated capability within the correct resource/context; unauthorized/cross-tenant attempt is denied; resulting business state/data is traceable.,Config/Version/Authz,NOT IMPLEMENTED,MAPPED — NOT IMPLEMENTED
BR-CFG-003,CFG,CORE,Organization/University,دعم إعدادات الخطة والتقييم والإكمال دون Workflow Builder عام.,SM-PLANT,SYS-01; TPL-01..TPL-07; UAF-01..UAF-03,PERMISSIONS_MATRIX_V2.csv,AC-BR-CFG-003,Authorized actor can perform the stated capability within the correct resource/context; unauthorized/cross-tenant attempt is denied; resulting business state/data is traceable.,Config/Version/Authz,NOT IMPLEMENTED,MAPPED — NOT IMPLEMENTED
BR-CFG-004,CFG,CORE,System,دعم Effective Dates/Versions للإعدادات الحساسة.,SM-PLANT,SYS-01; TPL-01..TPL-07; UAF-01..UAF-03,PERMISSIONS_MATRIX_V2.csv,AC-BR-CFG-004,Authorized actor can perform the stated capability within the correct resource/context; unauthorized/cross-tenant attempt is denied; resulting business state/data is traceable.,Config/Version/Authz,NOT IMPLEMENTED,MAPPED — NOT IMPLEMENTED
BR-CFG-005,CFG,CORE,System,منع التغيير الرجعي غير المقصود على الرحلات النشطة أو المغلقة.,SM-PLANT,SYS-01; TPL-01..TPL-07; UAF-01..UAF-03,PERMISSIONS_MATRIX_V2.csv,AC-BR-CFG-005,Negative rule: violating attempt is rejected server-side; authorized/history behavior remains unchanged; denial is testable.,Config/Version/Authz,NOT IMPLEMENTED,MAPPED — NOT IMPLEMENTED
BR-CFG-006,CFG,CORE,Authorized Admin,دعم حدود صلاحية واضحة لمن يستطيع تغيير كل Configuration.,SM-PLANT,SYS-01; TPL-01..TPL-07; UAF-01..UAF-03,PERMISSIONS_MATRIX_V2.csv,AC-BR-CFG-006,Authorized actor can perform the stated capability within the correct resource/context; unauthorized/cross-tenant attempt is denied; resulting business state/data is traceable.,Config/Version/Authz,NOT IMPLEMENTED,MAPPED — NOT IMPLEMENTED
BR-CFG-007,CFG,CORE,System,تسجيل تاريخ التغييرات الجوهرية في Configuration.,SM-PLANT,SYS-01; TPL-01..TPL-07; UAF-01..UAF-03,PERMISSIONS_MATRIX_V2.csv,AC-BR-CFG-007,Authorized actor can perform the stated capability within the correct resource/context; unauthorized/cross-tenant attempt is denied; resulting business state/data is traceable.,Config/Version/Authz,NOT IMPLEMENTED,MAPPED — NOT IMPLEMENTED
BR-CFG-008,CFG,CORE,Platform,إبقاء التخصيص البرمجي الخاص بعميل خارج Pilot Core.,SM-PLANT,SYS-01; TPL-01..TPL-07; UAF-01..UAF-03,PERMISSIONS_MATRIX_V2.csv,AC-BR-CFG-008,Authorized actor can perform the stated capability within the correct resource/context; unauthorized/cross-tenant attempt is denied; resulting business state/data is traceable.,Config/Version/Authz,NOT IMPLEMENTED,MAPPED — NOT IMPLEMENTED
BR-INT-001,INT,CONDITIONAL,Platform/Institution,دعم Manual/CSV operational fallback عندما لا يوجد Integration إلزامي.,,SYS-02,PERMISSIONS_MATRIX_V2.csv,AC-BR-INT-001,"When the conditional capability is enabled for an approved Pilot need, the stated behavior works within scope; Core Journey still has an approved fallback when applicable.",Integration/Fallback/Security,NOT IMPLEMENTED,CONDITIONAL — NOT IMPLEMENTED
BR-INT-002,INT,CONDITIONAL,Platform/Institution,إبقاء SIS/LMS/ATS/HRIS مصادرها الأصلية وعدم تحويل صقل بديلًا عامًا لها.,,SYS-02,PERMISSIONS_MATRIX_V2.csv,AC-BR-INT-002,Negative rule: violating attempt is rejected server-side; authorized/history behavior remains unchanged; denial is testable.,Integration/Fallback/Security,NOT IMPLEMENTED,CONDITIONAL — NOT IMPLEMENTED
BR-INT-003,INT,CONDITIONAL,Integration Owner,تحديد Purpose/Data/Source/Consumer/Direction لكل Integration قبل التنفيذ.,,SYS-02,PERMISSIONS_MATRIX_V2.csv,AC-BR-INT-003,"When the conditional capability is enabled for an approved Pilot need, the stated behavior works within scope; Core Journey still has an approved fallback when applicable.",Integration/Fallback/Security,NOT IMPLEMENTED,CONDITIONAL — NOT IMPLEMENTED
BR-INT-004,INT,CONDITIONAL,Platform,عدم جعل Core Journey تعتمد على Integration عميق في Pilot v2.,,SYS-02,PERMISSIONS_MATRIX_V2.csv,AC-BR-INT-004,Negative rule: violating attempt is rejected server-side; authorized/history behavior remains unchanged; denial is testable.,Integration/Fallback/Security,NOT IMPLEMENTED,CONDITIONAL — NOT IMPLEMENTED
BR-INT-005,INT,CONDITIONAL,Organization,دعم نقل نتيجة External Application/ATS إلى صقل بالحد الأدنى.,,SYS-02,PERMISSIONS_MATRIX_V2.csv,AC-BR-INT-005,"When the conditional capability is enabled for an approved Pilot need, the stated behavior works within scope; Core Journey still has an approved fallback when applicable.",Integration/Fallback/Security,NOT IMPLEMENTED,CONDITIONAL — NOT IMPLEMENTED
BR-INT-006,INT,CONDITIONAL,Platform,إبقاء HRDF official eligibility/stipend/certificate خارج صقل افتراضيًا.,,SYS-02,PERMISSIONS_MATRIX_V2.csv,AC-BR-INT-006,"When the conditional capability is enabled for an approved Pilot need, the stated behavior works within scope; Core Journey still has an approved fallback when applicable.",Integration/Fallback/Security,NOT IMPLEMENTED,CONDITIONAL — NOT IMPLEMENTED
BR-INT-007,INT,CONDITIONAL,Platform Security,تسجيل Third-party services/data flows قبل Production use.,,SYS-02,PERMISSIONS_MATRIX_V2.csv,AC-BR-INT-007,"When the conditional capability is enabled for an approved Pilot need, the stated behavior works within scope; Core Journey still has an approved fallback when applicable.",Integration/Fallback/Security,NOT IMPLEMENTED,CONDITIONAL — NOT IMPLEMENTED
NFR-001,NFR,CORE,All,Arabic-first وRTL للواجهات الأساسية مع دعم English عند الحاجة المؤسسية.,,SHR-01..SHR-10; cross-cutting,PERMISSIONS_MATRIX_V2.csv,AC-NFR-001,"Non-functional behavior is demonstrated by an executable check/evidence appropriate to the requirement, not by documentation alone.",NFR/RTL/Security/Recovery,NOT IMPLEMENTED,MAPPED — NOT IMPLEMENTED
NFR-002,NFR,CORE,All,Responsive Web؛ أولوية Mobile للطالب والمشرف الميداني والإجراءات الخارجية البسيطة.,,SHR-01..SHR-10; cross-cutting,PERMISSIONS_MATRIX_V2.csv,AC-NFR-002,"Non-functional behavior is demonstrated by an executable check/evidence appropriate to the requirement, not by documentation alone.",NFR/RTL/Security/Recovery,NOT IMPLEMENTED,MAPPED — NOT IMPLEMENTED
NFR-003,NFR,CORE,All,Least privilege authorization enforced server-side.,,SHR-01..SHR-10; cross-cutting,PERMISSIONS_MATRIX_V2.csv,AC-NFR-003,"Non-functional behavior is demonstrated by an executable check/evidence appropriate to the requirement, not by documentation alone.",NFR/RTL/Security/Recovery,NOT IMPLEMENTED,MAPPED — NOT IMPLEMENTED
NFR-004,NFR,CORE,All,Institution/Organization/Case context isolation لمنع الوصول العابر غير المصرح.,,SHR-01..SHR-10; cross-cutting,PERMISSIONS_MATRIX_V2.csv,AC-NFR-004,Negative rule: violating attempt is rejected server-side; authorized/history behavior remains unchanged; denial is testable.,NFR/RTL/Security/Recovery,NOT IMPLEMENTED,MAPPED — NOT IMPLEMENTED
NFR-005,NFR,CORE,Privileged Users,MFA للحسابات privileged في Production government-ready baseline.,,SHR-01..SHR-10; cross-cutting,PERMISSIONS_MATRIX_V2.csv,AC-NFR-005,"Non-functional behavior is demonstrated by an executable check/evidence appropriate to the requirement, not by documentation alone.",NFR/RTL/Security/Recovery,NOT IMPLEMENTED,MAPPED — NOT IMPLEMENTED
NFR-006,NFR,CORE,Platform,تشفير النقل والتخزين وإدارة الأسرار وفق البيئة المعتمدة.,,SHR-01..SHR-10; cross-cutting,PERMISSIONS_MATRIX_V2.csv,AC-NFR-006,"Non-functional behavior is demonstrated by an executable check/evidence appropriate to the requirement, not by documentation alone.",NFR/RTL/Security/Recovery,NOT IMPLEMENTED,MAPPED — NOT IMPLEMENTED
NFR-007,NFR,CORE,Platform,Business audit وsecurity logging للأحداث الحساسة دون تسجيل PII غير ضروري.,,SHR-01..SHR-10; cross-cutting,PERMISSIONS_MATRIX_V2.csv,AC-NFR-007,"Non-functional behavior is demonstrated by an executable check/evidence appropriate to the requirement, not by documentation alone.",NFR/RTL/Security/Recovery,NOT IMPLEMENTED,MAPPED — NOT IMPLEMENTED
NFR-008,NFR,CORE,Platform,Backup قابل للاستعادة مع Restore testing قبل Government Production.,,SHR-01..SHR-10; cross-cutting,PERMISSIONS_MATRIX_V2.csv,AC-NFR-008,"Non-functional behavior is demonstrated by an executable check/evidence appropriate to the requirement, not by documentation alone.",NFR/RTL/Security/Recovery,NOT IMPLEMENTED,MAPPED — NOT IMPLEMENTED
NFR-009,NFR,CORE,Engineering,No production data in development/AI prompts by default؛ استخدام synthetic/masked data.,,SHR-01..SHR-10; cross-cutting,PERMISSIONS_MATRIX_V2.csv,AC-NFR-009,"Non-functional behavior is demonstrated by an executable check/evidence appropriate to the requirement, not by documentation alone.",NFR/RTL/Security/Recovery,NOT IMPLEMENTED,MAPPED — NOT IMPLEMENTED
NFR-010,NFR,CORE,Engineering,Version-controlled database migrations وبيئات Development/Test/Staging/Production منفصلة.,,SHR-01..SHR-10; cross-cutting,PERMISSIONS_MATRIX_V2.csv,AC-NFR-010,"Non-functional behavior is demonstrated by an executable check/evidence appropriate to the requirement, not by documentation alone.",NFR/RTL/Security/Recovery,NOT IMPLEMENTED,MAPPED — NOT IMPLEMENTED
NFR-011,NFR,CORE,Platform,قابلية تصدير/حذف بيانات العميل وفق السياسة والعقد والمتطلبات النظامية.,,SHR-01..SHR-10; cross-cutting,PERMISSIONS_MATRIX_V2.csv,AC-NFR-011,"Non-functional behavior is demonstrated by an executable check/evidence appropriate to the requirement, not by documentation alone.",NFR/RTL/Security/Recovery,NOT IMPLEMENTED,MAPPED — NOT IMPLEMENTED
NFR-012,NFR,CORE,Platform,Government Production deployment خاضع لـData Classification وCloud/Compliance Gate منفصل.,,SHR-01..SHR-10; cross-cutting,PERMISSIONS_MATRIX_V2.csv,AC-NFR-012,"Non-functional behavior is demonstrated by an executable check/evidence appropriate to the requirement, not by documentation alone.",NFR/RTL/Security/Recovery,NOT IMPLEMENTED,MAPPED — NOT IMPLEMENTED
