Requirement ID,Slice scope,Delta proposal only,Remaining / out of scope,Acceptance refs,Canonical update condition
BR-APL-009,IN-SCOPE,Partial: approved non-academic Accept to PENDING_START bridge,Other program paths and downstream readiness,S2-TRN-READY-001 Task Packet AC-S2/NEG-S2 + Builder evidence,"Pending independent validation, triggered security and Founder G8; no G3 canonical status update"
BR-TRN-001,IN-SCOPE,Implemented within Slice02: independent PENDING_START aggregate,Later operational transitions,S2-TRN-READY-001 Task Packet AC-S2/NEG-S2 + Builder evidence,"Pending independent validation, triggered security and Founder G8; no G3 canonical status update"
BR-TRN-002,IN-SCOPE,Implemented within Slice02: required persisted links,Other creation paths/agreements,S2-TRN-READY-001 Task Packet AC-S2/NEG-S2 + Builder evidence,"Pending independent validation, triggered security and Founder G8; no G3 canonical status update"
BR-TRN-003,IN-SCOPE negative separation,Negative separation: no Academic Overlay or academic state,Academic Overlay workflow outside slice,S2-TRN-READY-001 Task Packet AC-S2/NEG-S2 + Builder evidence,"Pending independent validation, triggered security and Founder G8; no G3 canonical status update"
BR-TRN-004,PARTIAL ONLY,"Partial: PENDING_START boundary, not complete readiness",Plan/supervisor/date prerequisites and confirmation,S2-TRN-READY-001 Task Packet AC-S2/NEG-S2 + Builder evidence,"Pending independent validation, triggered security and Founder G8; no G3 canonical status update"
BR-TRN-005,IN-SCOPE negative rule,Negative rule: Acceptance never starts training,Actual Start outside slice,S2-TRN-READY-001 Task Packet AC-S2/NEG-S2 + Builder evidence,"Pending independent validation, triggered security and Founder G8; no G3 canonical status update"
BR-STU-004,PARTIAL,Partial: own Journey status/details,Other Journey operational actions/screens,S2-TRN-READY-001 Task Packet AC-S2/NEG-S2 + Builder evidence,"Pending independent validation, triggered security and Founder G8; no G3 canonical status update"
BR-TRN-006,OUT,NO CHANGE / NOT IMPLEMENTED,Explicit Actual Start later,S2-TRN-READY-001 Task Packet AC-S2/NEG-S2 + Builder evidence,"Pending independent validation, triggered security and Founder G8; no G3 canonical status update"
BR-TRN-007,OUT,NO CHANGE / NOT IMPLEMENTED,ACTIVE transition later,S2-TRN-READY-001 Task Packet AC-S2/NEG-S2 + Builder evidence,"Pending independent validation, triggered security and Founder G8; no G3 canonical status update"
